timepoint_id,tp_to_hts
1,2030_p9
2,2030_p9
3,2030_p9
4,2030_p9
5,2030_p9
6,2030_p9
7,2030_p9
8,2030_p9
9,2030_p9
10,2030_p9
11,2030_p9
12,2030_p9
13,2030_p9
14,2030_p9
15,2030_p9
16,2030_p9
17,2030_p9
18,2030_p9
19,2030_p9
20,2030_p9
21,2030_p9
22,2030_p9
23,2030_p9
24,2030_p9
25,2030_p9
26,2030_p9
27,2030_p9
28,2030_p9
29,2030_p9
30,2030_p9
31,2030_p9
32,2030_p9
33,2030_p9
34,2030_p9
35,2030_p9
36,2030_p9
37,2030_p9
38,2030_p9
39,2030_p9
40,2030_p9
41,2030_p9
42,2030_p9
43,2030_p9
44,2030_p9
45,2030_p9
46,2030_p9
47,2030_p9
48,2030_p9
49,2030_p9
50,2030_p9
51,2030_p9
52,2030_p9
53,2030_p9
54,2030_p9
55,2030_p9
56,2030_p9
57,2030_p9
58,2030_p9
59,2030_p9
60,2030_p9
61,2030_p9
62,2030_p9
63,2030_p9
64,2030_p9
65,2030_p9
66,2030_p9
67,2030_p9
68,2030_p9
69,2030_p9
70,2030_p9
71,2030_p9
72,2030_p9
73,2030_p9
74,2030_p9
75,2030_p9
76,2030_p9
77,2030_p9
78,2030_p9
79,2030_p9
80,2030_p9
81,2030_p9
82,2030_p9
83,2030_p9
84,2030_p9
85,2030_p9
86,2030_p9
87,2030_p9
88,2030_p9
89,2030_p9
90,2030_p9
91,2030_p9
92,2030_p9
93,2030_p9
94,2030_p9
95,2030_p9
96,2030_p9
97,2030_p9
98,2030_p9
99,2030_p9
100,2030_p9
101,2030_p9
102,2030_p9
103,2030_p9
104,2030_p9
105,2030_p9
106,2030_p9
107,2030_p9
108,2030_p9
109,2030_p9
110,2030_p9
111,2030_p9
112,2030_p9
113,2030_p9
114,2030_p9
115,2030_p9
116,2030_p9
117,2030_p9
118,2030_p9
119,2030_p9
120,2030_p9
121,2030_p9
122,2030_p9
123,2030_p9
124,2030_p9
125,2030_p9
126,2030_p9
127,2030_p9
128,2030_p9
129,2030_p9
130,2030_p9
131,2030_p9
132,2030_p9
133,2030_p9
134,2030_p9
135,2030_p9
136,2030_p9
137,2030_p9
138,2030_p9
139,2030_p9
140,2030_p9
141,2030_p9
142,2030_p9
143,2030_p9
144,2030_p9
145,2030_p9
146,2030_p9
147,2030_p9
148,2030_p9
149,2030_p9
150,2030_p9
151,2030_p9
152,2030_p9
153,2030_p9
154,2030_p9
155,2030_p9
156,2030_p9
157,2030_p9
158,2030_p9
159,2030_p9
160,2030_p9
161,2030_p9
162,2030_p9
163,2030_p9
164,2030_p9
165,2030_p9
166,2030_p9
167,2030_p9
168,2030_p9
169,2030_p40
170,2030_p40
171,2030_p40
172,2030_p40
173,2030_p40
174,2030_p40
175,2030_p40
176,2030_p40
177,2030_p40
178,2030_p40
179,2030_p40
180,2030_p40
181,2030_p40
182,2030_p40
183,2030_p40
184,2030_p40
185,2030_p40
186,2030_p40
187,2030_p40
188,2030_p40
189,2030_p40
190,2030_p40
191,2030_p40
192,2030_p40
193,2030_p40
194,2030_p40
195,2030_p40
196,2030_p40
197,2030_p40
198,2030_p40
199,2030_p40
200,2030_p40
201,2030_p40
202,2030_p40
203,2030_p40
204,2030_p40
205,2030_p40
206,2030_p40
207,2030_p40
208,2030_p40
209,2030_p40
210,2030_p40
211,2030_p40
212,2030_p40
213,2030_p40
214,2030_p40
215,2030_p40
216,2030_p40
217,2030_p40
218,2030_p40
219,2030_p40
220,2030_p40
221,2030_p40
222,2030_p40
223,2030_p40
224,2030_p40
225,2030_p40
226,2030_p40
227,2030_p40
228,2030_p40
229,2030_p40
230,2030_p40
231,2030_p40
232,2030_p40
233,2030_p40
234,2030_p40
235,2030_p40
236,2030_p40
237,2030_p40
238,2030_p40
239,2030_p40
240,2030_p40
241,2030_p40
242,2030_p40
243,2030_p40
244,2030_p40
245,2030_p40
246,2030_p40
247,2030_p40
248,2030_p40
249,2030_p40
250,2030_p40
251,2030_p40
252,2030_p40
253,2030_p40
254,2030_p40
255,2030_p40
256,2030_p40
257,2030_p40
258,2030_p40
259,2030_p40
260,2030_p40
261,2030_p40
262,2030_p40
263,2030_p40
264,2030_p40
265,2030_p40
266,2030_p40
267,2030_p40
268,2030_p40
269,2030_p40
270,2030_p40
271,2030_p40
272,2030_p40
273,2030_p40
274,2030_p40
275,2030_p40
276,2030_p40
277,2030_p40
278,2030_p40
279,2030_p40
280,2030_p40
281,2030_p40
282,2030_p40
283,2030_p40
284,2030_p40
285,2030_p40
286,2030_p40
287,2030_p40
288,2030_p40
289,2030_p40
290,2030_p40
291,2030_p40
292,2030_p40
293,2030_p40
294,2030_p40
295,2030_p40
296,2030_p40
297,2030_p40
298,2030_p40
299,2030_p40
300,2030_p40
301,2030_p40
302,2030_p40
303,2030_p40
304,2030_p40
305,2030_p40
306,2030_p40
307,2030_p40
308,2030_p40
309,2030_p40
310,2030_p40
311,2030_p40
312,2030_p40
313,2030_p40
314,2030_p40
315,2030_p40
316,2030_p40
317,2030_p40
318,2030_p40
319,2030_p40
320,2030_p40
321,2030_p40
322,2030_p40
323,2030_p40
324,2030_p40
325,2030_p40
326,2030_p40
327,2030_p40
328,2030_p40
329,2030_p40
330,2030_p40
331,2030_p40
332,2030_p40
333,2030_p40
334,2030_p40
335,2030_p40
336,2030_p40
337,2030_p22
338,2030_p22
339,2030_p22
340,2030_p22
341,2030_p22
342,2030_p22
343,2030_p22
344,2030_p22
345,2030_p22
346,2030_p22
347,2030_p22
348,2030_p22
349,2030_p22
350,2030_p22
351,2030_p22
352,2030_p22
353,2030_p22
354,2030_p22
355,2030_p22
356,2030_p22
357,2030_p22
358,2030_p22
359,2030_p22
360,2030_p22
361,2030_p22
362,2030_p22
363,2030_p22
364,2030_p22
365,2030_p22
366,2030_p22
367,2030_p22
368,2030_p22
369,2030_p22
370,2030_p22
371,2030_p22
372,2030_p22
373,2030_p22
374,2030_p22
375,2030_p22
376,2030_p22
377,2030_p22
378,2030_p22
379,2030_p22
380,2030_p22
381,2030_p22
382,2030_p22
383,2030_p22
384,2030_p22
385,2030_p22
386,2030_p22
387,2030_p22
388,2030_p22
389,2030_p22
390,2030_p22
391,2030_p22
392,2030_p22
393,2030_p22
394,2030_p22
395,2030_p22
396,2030_p22
397,2030_p22
398,2030_p22
399,2030_p22
400,2030_p22
401,2030_p22
402,2030_p22
403,2030_p22
404,2030_p22
405,2030_p22
406,2030_p22
407,2030_p22
408,2030_p22
409,2030_p22
410,2030_p22
411,2030_p22
412,2030_p22
413,2030_p22
414,2030_p22
415,2030_p22
416,2030_p22
417,2030_p22
418,2030_p22
419,2030_p22
420,2030_p22
421,2030_p22
422,2030_p22
423,2030_p22
424,2030_p22
425,2030_p22
426,2030_p22
427,2030_p22
428,2030_p22
429,2030_p22
430,2030_p22
431,2030_p22
432,2030_p22
433,2030_p22
434,2030_p22
435,2030_p22
436,2030_p22
437,2030_p22
438,2030_p22
439,2030_p22
440,2030_p22
441,2030_p22
442,2030_p22
443,2030_p22
444,2030_p22
445,2030_p22
446,2030_p22
447,2030_p22
448,2030_p22
449,2030_p22
450,2030_p22
451,2030_p22
452,2030_p22
453,2030_p22
454,2030_p22
455,2030_p22
456,2030_p22
457,2030_p22
458,2030_p22
459,2030_p22
460,2030_p22
461,2030_p22
462,2030_p22
463,2030_p22
464,2030_p22
465,2030_p22
466,2030_p22
467,2030_p22
468,2030_p22
469,2030_p22
470,2030_p22
471,2030_p22
472,2030_p22
473,2030_p22
474,2030_p22
475,2030_p22
476,2030_p22
477,2030_p22
478,2030_p22
479,2030_p22
480,2030_p22
481,2030_p22
482,2030_p22
483,2030_p22
484,2030_p22
485,2030_p22
486,2030_p22
487,2030_p22
488,2030_p22
489,2030_p22
490,2030_p22
491,2030_p22
492,2030_p22
493,2030_p22
494,2030_p22
495,2030_p22
496,2030_p22
497,2030_p22
498,2030_p22
499,2030_p22
500,2030_p22
501,2030_p22
502,2030_p22
503,2030_p22
504,2030_p22
505,2030_p48
506,2030_p48
507,2030_p48
508,2030_p48
509,2030_p48
510,2030_p48
511,2030_p48
512,2030_p48
513,2030_p48
514,2030_p48
515,2030_p48
516,2030_p48
517,2030_p48
518,2030_p48
519,2030_p48
520,2030_p48
521,2030_p48
522,2030_p48
523,2030_p48
524,2030_p48
525,2030_p48
526,2030_p48
527,2030_p48
528,2030_p48
529,2030_p48
530,2030_p48
531,2030_p48
532,2030_p48
533,2030_p48
534,2030_p48
535,2030_p48
536,2030_p48
537,2030_p48
538,2030_p48
539,2030_p48
540,2030_p48
541,2030_p48
542,2030_p48
543,2030_p48
544,2030_p48
545,2030_p48
546,2030_p48
547,2030_p48
548,2030_p48
549,2030_p48
550,2030_p48
551,2030_p48
552,2030_p48
553,2030_p48
554,2030_p48
555,2030_p48
556,2030_p48
557,2030_p48
558,2030_p48
559,2030_p48
560,2030_p48
561,2030_p48
562,2030_p48
563,2030_p48
564,2030_p48
565,2030_p48
566,2030_p48
567,2030_p48
568,2030_p48
569,2030_p48
570,2030_p48
571,2030_p48
572,2030_p48
573,2030_p48
574,2030_p48
575,2030_p48
576,2030_p48
577,2030_p48
578,2030_p48
579,2030_p48
580,2030_p48
581,2030_p48
582,2030_p48
583,2030_p48
584,2030_p48
585,2030_p48
586,2030_p48
587,2030_p48
588,2030_p48
589,2030_p48
590,2030_p48
591,2030_p48
592,2030_p48
593,2030_p48
594,2030_p48
595,2030_p48
596,2030_p48
597,2030_p48
598,2030_p48
599,2030_p48
600,2030_p48
601,2030_p48
602,2030_p48
603,2030_p48
604,2030_p48
605,2030_p48
606,2030_p48
607,2030_p48
608,2030_p48
609,2030_p48
610,2030_p48
611,2030_p48
612,2030_p48
613,2030_p48
614,2030_p48
615,2030_p48
616,2030_p48
617,2030_p48
618,2030_p48
619,2030_p48
620,2030_p48
621,2030_p48
622,2030_p48
623,2030_p48
624,2030_p48
625,2030_p48
626,2030_p48
627,2030_p48
628,2030_p48
629,2030_p48
630,2030_p48
631,2030_p48
632,2030_p48
633,2030_p48
634,2030_p48
635,2030_p48
636,2030_p48
637,2030_p48
638,2030_p48
639,2030_p48
640,2030_p48
641,2030_p48
642,2030_p48
643,2030_p48
644,2030_p48
645,2030_p48
646,2030_p48
647,2030_p48
648,2030_p48
649,2030_p48
650,2030_p48
651,2030_p48
652,2030_p48
653,2030_p48
654,2030_p48
655,2030_p48
656,2030_p48
657,2030_p48
658,2030_p48
659,2030_p48
660,2030_p48
661,2030_p48
662,2030_p48
663,2030_p48
664,2030_p48
665,2030_p48
666,2030_p48
667,2030_p48
668,2030_p48
669,2030_p48
670,2030_p48
671,2030_p48
672,2030_p48
673,2030_p33
674,2030_p33
675,2030_p33
676,2030_p33
677,2030_p33
678,2030_p33
679,2030_p33
680,2030_p33
681,2030_p33
682,2030_p33
683,2030_p33
684,2030_p33
685,2030_p33
686,2030_p33
687,2030_p33
688,2030_p33
689,2030_p33
690,2030_p33
691,2030_p33
692,2030_p33
693,2030_p33
694,2030_p33
695,2030_p33
696,2030_p33
697,2030_p33
698,2030_p33
699,2030_p33
700,2030_p33
701,2030_p33
702,2030_p33
703,2030_p33
704,2030_p33
705,2030_p33
706,2030_p33
707,2030_p33
708,2030_p33
709,2030_p33
710,2030_p33
711,2030_p33
712,2030_p33
713,2030_p33
714,2030_p33
715,2030_p33
716,2030_p33
717,2030_p33
718,2030_p33
719,2030_p33
720,2030_p33
721,2030_p33
722,2030_p33
723,2030_p33
724,2030_p33
725,2030_p33
726,2030_p33
727,2030_p33
728,2030_p33
729,2030_p33
730,2030_p33
731,2030_p33
732,2030_p33
733,2030_p33
734,2030_p33
735,2030_p33
736,2030_p33
737,2030_p33
738,2030_p33
739,2030_p33
740,2030_p33
741,2030_p33
742,2030_p33
743,2030_p33
744,2030_p33
745,2030_p33
746,2030_p33
747,2030_p33
748,2030_p33
749,2030_p33
750,2030_p33
751,2030_p33
752,2030_p33
753,2030_p33
754,2030_p33
755,2030_p33
756,2030_p33
757,2030_p33
758,2030_p33
759,2030_p33
760,2030_p33
761,2030_p33
762,2030_p33
763,2030_p33
764,2030_p33
765,2030_p33
766,2030_p33
767,2030_p33
768,2030_p33
769,2030_p33
770,2030_p33
771,2030_p33
772,2030_p33
773,2030_p33
774,2030_p33
775,2030_p33
776,2030_p33
777,2030_p33
778,2030_p33
779,2030_p33
780,2030_p33
781,2030_p33
782,2030_p33
783,2030_p33
784,2030_p33
785,2030_p33
786,2030_p33
787,2030_p33
788,2030_p33
789,2030_p33
790,2030_p33
791,2030_p33
792,2030_p33
793,2030_p33
794,2030_p33
795,2030_p33
796,2030_p33
797,2030_p33
798,2030_p33
799,2030_p33
800,2030_p33
801,2030_p33
802,2030_p33
803,2030_p33
804,2030_p33
805,2030_p33
806,2030_p33
807,2030_p33
808,2030_p33
809,2030_p33
810,2030_p33
811,2030_p33
812,2030_p33
813,2030_p33
814,2030_p33
815,2030_p33
816,2030_p33
817,2030_p33
818,2030_p33
819,2030_p33
820,2030_p33
821,2030_p33
822,2030_p33
823,2030_p33
824,2030_p33
825,2030_p33
826,2030_p33
827,2030_p33
828,2030_p33
829,2030_p33
830,2030_p33
831,2030_p33
832,2030_p33
833,2030_p33
834,2030_p33
835,2030_p33
836,2030_p33
837,2030_p33
838,2030_p33
839,2030_p33
840,2030_p33
841,2030_p16
842,2030_p16
843,2030_p16
844,2030_p16
845,2030_p16
846,2030_p16
847,2030_p16
848,2030_p16
849,2030_p16
850,2030_p16
851,2030_p16
852,2030_p16
853,2030_p16
854,2030_p16
855,2030_p16
856,2030_p16
857,2030_p16
858,2030_p16
859,2030_p16
860,2030_p16
861,2030_p16
862,2030_p16
863,2030_p16
864,2030_p16
865,2030_p16
866,2030_p16
867,2030_p16
868,2030_p16
869,2030_p16
870,2030_p16
871,2030_p16
872,2030_p16
873,2030_p16
874,2030_p16
875,2030_p16
876,2030_p16
877,2030_p16
878,2030_p16
879,2030_p16
880,2030_p16
881,2030_p16
882,2030_p16
883,2030_p16
884,2030_p16
885,2030_p16
886,2030_p16
887,2030_p16
888,2030_p16
889,2030_p16
890,2030_p16
891,2030_p16
892,2030_p16
893,2030_p16
894,2030_p16
895,2030_p16
896,2030_p16
897,2030_p16
898,2030_p16
899,2030_p16
900,2030_p16
901,2030_p16
902,2030_p16
903,2030_p16
904,2030_p16
905,2030_p16
906,2030_p16
907,2030_p16
908,2030_p16
909,2030_p16
910,2030_p16
911,2030_p16
912,2030_p16
913,2030_p16
914,2030_p16
915,2030_p16
916,2030_p16
917,2030_p16
918,2030_p16
919,2030_p16
920,2030_p16
921,2030_p16
922,2030_p16
923,2030_p16
924,2030_p16
925,2030_p16
926,2030_p16
927,2030_p16
928,2030_p16
929,2030_p16
930,2030_p16
931,2030_p16
932,2030_p16
933,2030_p16
934,2030_p16
935,2030_p16
936,2030_p16
937,2030_p16
938,2030_p16
939,2030_p16
940,2030_p16
941,2030_p16
942,2030_p16
943,2030_p16
944,2030_p16
945,2030_p16
946,2030_p16
947,2030_p16
948,2030_p16
949,2030_p16
950,2030_p16
951,2030_p16
952,2030_p16
953,2030_p16
954,2030_p16
955,2030_p16
956,2030_p16
957,2030_p16
958,2030_p16
959,2030_p16
960,2030_p16
961,2030_p16
962,2030_p16
963,2030_p16
964,2030_p16
965,2030_p16
966,2030_p16
967,2030_p16
968,2030_p16
969,2030_p16
970,2030_p16
971,2030_p16
972,2030_p16
973,2030_p16
974,2030_p16
975,2030_p16
976,2030_p16
977,2030_p16
978,2030_p16
979,2030_p16
980,2030_p16
981,2030_p16
982,2030_p16
983,2030_p16
984,2030_p16
985,2030_p16
986,2030_p16
987,2030_p16
988,2030_p16
989,2030_p16
990,2030_p16
991,2030_p16
992,2030_p16
993,2030_p16
994,2030_p16
995,2030_p16
996,2030_p16
997,2030_p16
998,2030_p16
999,2030_p16
1000,2030_p16
1001,2030_p16
1002,2030_p16
1003,2030_p16
1004,2030_p16
1005,2030_p16
1006,2030_p16
1007,2030_p16
1008,2030_p16
1009,2030_p2
1010,2030_p2
1011,2030_p2
1012,2030_p2
1013,2030_p2
1014,2030_p2
1015,2030_p2
1016,2030_p2
1017,2030_p2
1018,2030_p2
1019,2030_p2
1020,2030_p2
1021,2030_p2
1022,2030_p2
1023,2030_p2
1024,2030_p2
1025,2030_p2
1026,2030_p2
1027,2030_p2
1028,2030_p2
1029,2030_p2
1030,2030_p2
1031,2030_p2
1032,2030_p2
1033,2030_p2
1034,2030_p2
1035,2030_p2
1036,2030_p2
1037,2030_p2
1038,2030_p2
1039,2030_p2
1040,2030_p2
1041,2030_p2
1042,2030_p2
1043,2030_p2
1044,2030_p2
1045,2030_p2
1046,2030_p2
1047,2030_p2
1048,2030_p2
1049,2030_p2
1050,2030_p2
1051,2030_p2
1052,2030_p2
1053,2030_p2
1054,2030_p2
1055,2030_p2
1056,2030_p2
1057,2030_p2
1058,2030_p2
1059,2030_p2
1060,2030_p2
1061,2030_p2
1062,2030_p2
1063,2030_p2
1064,2030_p2
1065,2030_p2
1066,2030_p2
1067,2030_p2
1068,2030_p2
1069,2030_p2
1070,2030_p2
1071,2030_p2
1072,2030_p2
1073,2030_p2
1074,2030_p2
1075,2030_p2
1076,2030_p2
1077,2030_p2
1078,2030_p2
1079,2030_p2
1080,2030_p2
1081,2030_p2
1082,2030_p2
1083,2030_p2
1084,2030_p2
1085,2030_p2
1086,2030_p2
1087,2030_p2
1088,2030_p2
1089,2030_p2
1090,2030_p2
1091,2030_p2
1092,2030_p2
1093,2030_p2
1094,2030_p2
1095,2030_p2
1096,2030_p2
1097,2030_p2
1098,2030_p2
1099,2030_p2
1100,2030_p2
1101,2030_p2
1102,2030_p2
1103,2030_p2
1104,2030_p2
1105,2030_p2
1106,2030_p2
1107,2030_p2
1108,2030_p2
1109,2030_p2
1110,2030_p2
1111,2030_p2
1112,2030_p2
1113,2030_p2
1114,2030_p2
1115,2030_p2
1116,2030_p2
1117,2030_p2
1118,2030_p2
1119,2030_p2
1120,2030_p2
1121,2030_p2
1122,2030_p2
1123,2030_p2
1124,2030_p2
1125,2030_p2
1126,2030_p2
1127,2030_p2
1128,2030_p2
1129,2030_p2
1130,2030_p2
1131,2030_p2
1132,2030_p2
1133,2030_p2
1134,2030_p2
1135,2030_p2
1136,2030_p2
1137,2030_p2
1138,2030_p2
1139,2030_p2
1140,2030_p2
1141,2030_p2
1142,2030_p2
1143,2030_p2
1144,2030_p2
1145,2030_p2
1146,2030_p2
1147,2030_p2
1148,2030_p2
1149,2030_p2
1150,2030_p2
1151,2030_p2
1152,2030_p2
1153,2030_p2
1154,2030_p2
1155,2030_p2
1156,2030_p2
1157,2030_p2
1158,2030_p2
1159,2030_p2
1160,2030_p2
1161,2030_p2
1162,2030_p2
1163,2030_p2
1164,2030_p2
1165,2030_p2
1166,2030_p2
1167,2030_p2
1168,2030_p2
1169,2030_p2
1170,2030_p2
1171,2030_p2
1172,2030_p2
1173,2030_p2
1174,2030_p2
1175,2030_p2
1176,2030_p2
1177,2030_p5
1178,2030_p5
1179,2030_p5
1180,2030_p5
1181,2030_p5
1182,2030_p5
1183,2030_p5
1184,2030_p5
1185,2030_p5
1186,2030_p5
1187,2030_p5
1188,2030_p5
1189,2030_p5
1190,2030_p5
1191,2030_p5
1192,2030_p5
1193,2030_p5
1194,2030_p5
1195,2030_p5
1196,2030_p5
1197,2030_p5
1198,2030_p5
1199,2030_p5
1200,2030_p5
1201,2030_p5
1202,2030_p5
1203,2030_p5
1204,2030_p5
1205,2030_p5
1206,2030_p5
1207,2030_p5
1208,2030_p5
1209,2030_p5
1210,2030_p5
1211,2030_p5
1212,2030_p5
1213,2030_p5
1214,2030_p5
1215,2030_p5
1216,2030_p5
1217,2030_p5
1218,2030_p5
1219,2030_p5
1220,2030_p5
1221,2030_p5
1222,2030_p5
1223,2030_p5
1224,2030_p5
1225,2030_p5
1226,2030_p5
1227,2030_p5
1228,2030_p5
1229,2030_p5
1230,2030_p5
1231,2030_p5
1232,2030_p5
1233,2030_p5
1234,2030_p5
1235,2030_p5
1236,2030_p5
1237,2030_p5
1238,2030_p5
1239,2030_p5
1240,2030_p5
1241,2030_p5
1242,2030_p5
1243,2030_p5
1244,2030_p5
1245,2030_p5
1246,2030_p5
1247,2030_p5
1248,2030_p5
1249,2030_p5
1250,2030_p5
1251,2030_p5
1252,2030_p5
1253,2030_p5
1254,2030_p5
1255,2030_p5
1256,2030_p5
1257,2030_p5
1258,2030_p5
1259,2030_p5
1260,2030_p5
1261,2030_p5
1262,2030_p5
1263,2030_p5
1264,2030_p5
1265,2030_p5
1266,2030_p5
1267,2030_p5
1268,2030_p5
1269,2030_p5
1270,2030_p5
1271,2030_p5
1272,2030_p5
1273,2030_p5
1274,2030_p5
1275,2030_p5
1276,2030_p5
1277,2030_p5
1278,2030_p5
1279,2030_p5
1280,2030_p5
1281,2030_p5
1282,2030_p5
1283,2030_p5
1284,2030_p5
1285,2030_p5
1286,2030_p5
1287,2030_p5
1288,2030_p5
1289,2030_p5
1290,2030_p5
1291,2030_p5
1292,2030_p5
1293,2030_p5
1294,2030_p5
1295,2030_p5
1296,2030_p5
1297,2030_p5
1298,2030_p5
1299,2030_p5
1300,2030_p5
1301,2030_p5
1302,2030_p5
1303,2030_p5
1304,2030_p5
1305,2030_p5
1306,2030_p5
1307,2030_p5
1308,2030_p5
1309,2030_p5
1310,2030_p5
1311,2030_p5
1312,2030_p5
1313,2030_p5
1314,2030_p5
1315,2030_p5
1316,2030_p5
1317,2030_p5
1318,2030_p5
1319,2030_p5
1320,2030_p5
1321,2030_p5
1322,2030_p5
1323,2030_p5
1324,2030_p5
1325,2030_p5
1326,2030_p5
1327,2030_p5
1328,2030_p5
1329,2030_p5
1330,2030_p5
1331,2030_p5
1332,2030_p5
1333,2030_p5
1334,2030_p5
1335,2030_p5
1336,2030_p5
1337,2030_p5
1338,2030_p5
1339,2030_p5
1340,2030_p5
1341,2030_p5
1342,2030_p5
1343,2030_p5
1344,2030_p5
1345,2030_p11
1346,2030_p11
1347,2030_p11
1348,2030_p11
1349,2030_p11
1350,2030_p11
1351,2030_p11
1352,2030_p11
1353,2030_p11
1354,2030_p11
1355,2030_p11
1356,2030_p11
1357,2030_p11
1358,2030_p11
1359,2030_p11
1360,2030_p11
1361,2030_p11
1362,2030_p11
1363,2030_p11
1364,2030_p11
1365,2030_p11
1366,2030_p11
1367,2030_p11
1368,2030_p11
1369,2030_p11
1370,2030_p11
1371,2030_p11
1372,2030_p11
1373,2030_p11
1374,2030_p11
1375,2030_p11
1376,2030_p11
1377,2030_p11
1378,2030_p11
1379,2030_p11
1380,2030_p11
1381,2030_p11
1382,2030_p11
1383,2030_p11
1384,2030_p11
1385,2030_p11
1386,2030_p11
1387,2030_p11
1388,2030_p11
1389,2030_p11
1390,2030_p11
1391,2030_p11
1392,2030_p11
1393,2030_p11
1394,2030_p11
1395,2030_p11
1396,2030_p11
1397,2030_p11
1398,2030_p11
1399,2030_p11
1400,2030_p11
1401,2030_p11
1402,2030_p11
1403,2030_p11
1404,2030_p11
1405,2030_p11
1406,2030_p11
1407,2030_p11
1408,2030_p11
1409,2030_p11
1410,2030_p11
1411,2030_p11
1412,2030_p11
1413,2030_p11
1414,2030_p11
1415,2030_p11
1416,2030_p11
1417,2030_p11
1418,2030_p11
1419,2030_p11
1420,2030_p11
1421,2030_p11
1422,2030_p11
1423,2030_p11
1424,2030_p11
1425,2030_p11
1426,2030_p11
1427,2030_p11
1428,2030_p11
1429,2030_p11
1430,2030_p11
1431,2030_p11
1432,2030_p11
1433,2030_p11
1434,2030_p11
1435,2030_p11
1436,2030_p11
1437,2030_p11
1438,2030_p11
1439,2030_p11
1440,2030_p11
1441,2030_p11
1442,2030_p11
1443,2030_p11
1444,2030_p11
1445,2030_p11
1446,2030_p11
1447,2030_p11
1448,2030_p11
1449,2030_p11
1450,2030_p11
1451,2030_p11
1452,2030_p11
1453,2030_p11
1454,2030_p11
1455,2030_p11
1456,2030_p11
1457,2030_p11
1458,2030_p11
1459,2030_p11
1460,2030_p11
1461,2030_p11
1462,2030_p11
1463,2030_p11
1464,2030_p11
1465,2030_p11
1466,2030_p11
1467,2030_p11
1468,2030_p11
1469,2030_p11
1470,2030_p11
1471,2030_p11
1472,2030_p11
1473,2030_p11
1474,2030_p11
1475,2030_p11
1476,2030_p11
1477,2030_p11
1478,2030_p11
1479,2030_p11
1480,2030_p11
1481,2030_p11
1482,2030_p11
1483,2030_p11
1484,2030_p11
1485,2030_p11
1486,2030_p11
1487,2030_p11
1488,2030_p11
1489,2030_p11
1490,2030_p11
1491,2030_p11
1492,2030_p11
1493,2030_p11
1494,2030_p11
1495,2030_p11
1496,2030_p11
1497,2030_p11
1498,2030_p11
1499,2030_p11
1500,2030_p11
1501,2030_p11
1502,2030_p11
1503,2030_p11
1504,2030_p11
1505,2030_p11
1506,2030_p11
1507,2030_p11
1508,2030_p11
1509,2030_p11
1510,2030_p11
1511,2030_p11
1512,2030_p11
1513,2030_p26
1514,2030_p26
1515,2030_p26
1516,2030_p26
1517,2030_p26
1518,2030_p26
1519,2030_p26
1520,2030_p26
1521,2030_p26
1522,2030_p26
1523,2030_p26
1524,2030_p26
1525,2030_p26
1526,2030_p26
1527,2030_p26
1528,2030_p26
1529,2030_p26
1530,2030_p26
1531,2030_p26
1532,2030_p26
1533,2030_p26
1534,2030_p26
1535,2030_p26
1536,2030_p26
1537,2030_p26
1538,2030_p26
1539,2030_p26
1540,2030_p26
1541,2030_p26
1542,2030_p26
1543,2030_p26
1544,2030_p26
1545,2030_p26
1546,2030_p26
1547,2030_p26
1548,2030_p26
1549,2030_p26
1550,2030_p26
1551,2030_p26
1552,2030_p26
1553,2030_p26
1554,2030_p26
1555,2030_p26
1556,2030_p26
1557,2030_p26
1558,2030_p26
1559,2030_p26
1560,2030_p26
1561,2030_p26
1562,2030_p26
1563,2030_p26
1564,2030_p26
1565,2030_p26
1566,2030_p26
1567,2030_p26
1568,2030_p26
1569,2030_p26
1570,2030_p26
1571,2030_p26
1572,2030_p26
1573,2030_p26
1574,2030_p26
1575,2030_p26
1576,2030_p26
1577,2030_p26
1578,2030_p26
1579,2030_p26
1580,2030_p26
1581,2030_p26
1582,2030_p26
1583,2030_p26
1584,2030_p26
1585,2030_p26
1586,2030_p26
1587,2030_p26
1588,2030_p26
1589,2030_p26
1590,2030_p26
1591,2030_p26
1592,2030_p26
1593,2030_p26
1594,2030_p26
1595,2030_p26
1596,2030_p26
1597,2030_p26
1598,2030_p26
1599,2030_p26
1600,2030_p26
1601,2030_p26
1602,2030_p26
1603,2030_p26
1604,2030_p26
1605,2030_p26
1606,2030_p26
1607,2030_p26
1608,2030_p26
1609,2030_p26
1610,2030_p26
1611,2030_p26
1612,2030_p26
1613,2030_p26
1614,2030_p26
1615,2030_p26
1616,2030_p26
1617,2030_p26
1618,2030_p26
1619,2030_p26
1620,2030_p26
1621,2030_p26
1622,2030_p26
1623,2030_p26
1624,2030_p26
1625,2030_p26
1626,2030_p26
1627,2030_p26
1628,2030_p26
1629,2030_p26
1630,2030_p26
1631,2030_p26
1632,2030_p26
1633,2030_p26
1634,2030_p26
1635,2030_p26
1636,2030_p26
1637,2030_p26
1638,2030_p26
1639,2030_p26
1640,2030_p26
1641,2030_p26
1642,2030_p26
1643,2030_p26
1644,2030_p26
1645,2030_p26
1646,2030_p26
1647,2030_p26
1648,2030_p26
1649,2030_p26
1650,2030_p26
1651,2030_p26
1652,2030_p26
1653,2030_p26
1654,2030_p26
1655,2030_p26
1656,2030_p26
1657,2030_p26
1658,2030_p26
1659,2030_p26
1660,2030_p26
1661,2030_p26
1662,2030_p26
1663,2030_p26
1664,2030_p26
1665,2030_p26
1666,2030_p26
1667,2030_p26
1668,2030_p26
1669,2030_p26
1670,2030_p26
1671,2030_p26
1672,2030_p26
1673,2030_p26
1674,2030_p26
1675,2030_p26
1676,2030_p26
1677,2030_p26
1678,2030_p26
1679,2030_p26
1680,2030_p26
