Resource,Zone,AnnualSum,Capacity,CapacityFactor
BASN_batteries_1,1,668214.7391995181,936.0,0.0
BASN_biomass_1,1,165984.0,19.0,1.0
BASN_biomass_2,1,87360.0,10.0,1.0
BASN_conventional_hydroelectric_1,1,7.86528648647828e6,2566.0,0.35086921778233576
BASN_conventional_steam_coal_1,1,190.9333136021933,51.0,0.00042854744308471886
BASN_conventional_steam_coal_2,1,272.03368516316027,2949.0,1.0559303844661764e-5
BASN_geothermal_1,1,3.439223654265202e6,433.0,0.9092009846609612
BASN_natural_gas_fired_combined_cycle_1,1,23829.84988764679,1123.0,0.0024290078870012693
BASN_natural_gas_fired_combined_cycle_2,1,1.5658075312169116e7,7114.0,0.2519485663131795
BASN_natural_gas_fired_combustion_turbine_1,1,346.93048577148267,2025.0,1.9611229015255882e-5
BASN_natural_gas_fired_combustion_turbine_2,1,332.3079867272931,236.0,0.00016118185548562596
BASN_natural_gas_internal_combustion_engine_1,1,7293.107530638842,221.0,0.0037775282238984268
BASN_natural_gas_steam_turbine_1,1,212.14639058687825,242.0,0.00010034775384978576
BASN_onshore_wind_turbine_1,1,3.4964589002303174e6,2029.9999999999998,0.19716043348345771
BASN_petroleum_liquids_1,1,53.71271372602154,26.0,0.00023647820568303366
BASN_small_hydroelectric_1,1,1.546272e6,177.0,1.0
BASN_solar_photovoltaic_1,1,1.6598326759209277e7,7996.0,0.237617760906685
CANO_batteries_1,2,3.063094969638966e6,2679.0,0.0
CANO_biomass_1,2,1.170624e6,134.0,1.0
CANO_biomass_2,2,663936.0,76.0,1.0
CANO_conventional_hydroelectric_1,2,1.7727942106776338e7,6974.0,0.2909804132968822
CANO_hydroelectric_pumped_storage_1,2,4.18777491425465e6,2277.0,0.0
CANO_natural_gas_fired_combined_cycle_1,2,1139.7217457152917,3113.0,4.190897977594004e-5
CANO_natural_gas_fired_combined_cycle_2,2,2.3296580291966517e7,8297.0,0.3214093156597727
CANO_natural_gas_fired_combustion_turbine_1,2,391.3017061712398,2244.0,1.9960722803097626e-5
CANO_natural_gas_fired_combustion_turbine_2,2,405.0900373288229,2428.0,1.909810402828677e-5
CANO_natural_gas_internal_combustion_engine_1,2,640.3974290023318,444.0,0.00016510262726729093
CANO_natural_gas_steam_turbine_1,2,457.79976050335273,3.0,0.017467939579645632
CANO_onshore_wind_turbine_1,2,2.804031712470934e6,1442.0,0.22258968520196482
CANO_petroleum_liquids_1,2,111.47594327283208,177.0,7.209335955952904e-5
CANO_small_hydroelectric_1,2,1.886976e6,216.0,1.0
CANO_solar_photovoltaic_1,2,1.3682250047498312e7,6326.0,0.24758008636044873
CASO_batteries_1,3,1.0503313901282022e7,8963.0,0.0
CASO_biomass_1,3,995904.0,114.0,1.0
CASO_biomass_2,3,139776.0,16.0,1.0
CASO_conventional_hydroelectric_1,3,2.223594167316467e6,971.0,0.26213419090865725
CASO_geothermal_1,3,178933.79331459696,24.0,0.8534311723261836
CASO_hydroelectric_pumped_storage_1,3,3.241688624905316e6,1665.0,0.0
CASO_natural_gas_fired_combined_cycle_1,3,840.7579071783804,2103.0,4.5763482134059986e-5
CASO_natural_gas_fired_combined_cycle_2,3,2.326412966250653e7,7458.0,0.35706871886880526
CASO_natural_gas_fired_combustion_turbine_1,3,419.2415744171527,1865.0,2.573196083735679e-5
CASO_natural_gas_fired_combustion_turbine_2,3,598.8374797575104,4575.0,1.4983223236992094e-5
CASO_natural_gas_internal_combustion_engine_1,3,4438.579759637468,50.0,0.010161583698803727
CASO_natural_gas_steam_turbine_1,3,493.8025535088921,2.0,0.028262508785994282
CASO_onshore_wind_turbine_1,3,1.2976968140931128e7,3944.0,0.37663762863616057
CASO_petroleum_liquids_1,3,98.77135174367223,14.0,0.0008075888911537826
CASO_small_hydroelectric_1,3,637728.0,73.0,1.0
CASO_solar_photovoltaic_1,3,3.0741698679933075e7,13801.0,0.2549791565637221
FRCC_batteries_1,4,589573.0597895061,555.0,0.0
FRCC_biomass_1,4,471744.0,54.0,1.0
FRCC_biomass_2,4,995904.0,114.0,1.0
FRCC_conventional_hydroelectric_1,4,115342.14471919957,44.0,0.3000700984411411
FRCC_conventional_steam_coal_1,4,285.85773750013874,3109.0,1.0524866713180964e-5
FRCC_conventional_steam_coal_2,4,226.73728494561294,674.0,3.850795184047132e-5
FRCC_natural_gas_fired_combined_cycle_1,4,1549.9637324730174,2676.0,6.630141570407666e-5
FRCC_natural_gas_fired_combined_cycle_2,4,4.952577643043172e7,29925.0,0.1894455936484669
FRCC_natural_gas_fired_combustion_turbine_1,4,4832.551502271906,8544.0,6.474446195603585e-5
FRCC_natural_gas_fired_combustion_turbine_2,4,2767.1577966588334,286.0,0.0011075294083556
FRCC_natural_gas_internal_combustion_engine_1,4,157808.38807452767,280.0,0.06451481066626098
FRCC_natural_gas_steam_turbine_1,4,401.4660419909584,335.0,0.0001371801849239238
FRCC_nuclear_1,4,3.011676932486699e7,3737.0,0.9225133492342131
FRCC_petroleum_liquids_1,4,102.03101307623177,452.0,2.583932346779671e-5
FRCC_solar_photovoltaic_1,4,1.5114994450272417e7,9463.0,0.18283802717699163
ISNE_batteries_1,5,347723.1202818924,366.0,0.0
ISNE_biomass_1,5,410592.0,47.0,1.0
ISNE_biomass_2,5,926016.0,106.0,1.0
ISNE_conventional_hydroelectric_1,5,1.89981328226731e6,593.0,0.3667276039190645
ISNE_conventional_steam_coal_1,5,9833.547545754403,330.0,0.0034110152159487744
ISNE_hydroelectric_pumped_storage_1,5,3.582127037600455e6,1768.0,0.0
ISNE_natural_gas_fired_combined_cycle_1,5,1.1563012714938528e6,3363.0,0.03935786307814615
ISNE_natural_gas_fired_combined_cycle_2,5,1.4521043511105813e7,10499.0,0.1583205411581346
ISNE_natural_gas_fired_combustion_turbine_1,5,41592.96300097577,414.0,0.011500239721297559
ISNE_natural_gas_fired_combustion_turbine_2,5,187681.95085978732,1360.0,0.01579686749722138
ISNE_natural_gas_internal_combustion_engine_1,5,26995.050584396446,57.0,0.054212154152200306
ISNE_natural_gas_steam_turbine_1,5,6840.4643654507545,21.0,0.0372866756358514
ISNE_nuclear_1,5,2.5097215960400753e7,3348.0,0.8580793943598972
ISNE_offshore_wind_turbine_1,5,211194.79205323802,29.0,0.833628552692142
ISNE_onshore_wind_turbine_1,5,1.8939068560645664e6,1539.0,0.14086638546036911
ISNE_petroleum_liquids_1,5,22081.47595306994,1043.0,0.0024234338237243075
ISNE_small_hydroelectric_1,5,2.218944e6,254.0,1.0
ISNE_solar_photovoltaic_1,5,3.6999178766536666e6,2683.0,0.15785516137480335
MISC_batteries_1,6,33106.74820153832,36.0,0.0
MISC_biomass_1,6,672672.0,77.0,1.0
MISC_biomass_2,6,17472.0,2.0,1.0
MISC_conventional_hydroelectric_1,6,1.2736930691755477e6,449.0,0.32471759311890375
MISC_conventional_steam_coal_1,6,301.35877620497297,11174.0,3.0871842589860308e-6
MISC_conventional_steam_coal_2,6,232.27926445620952,2597.0,1.0238253231407537e-5
MISC_hydroelectric_pumped_storage_1,6,1.096855345335486e6,471.0,0.0
MISC_natural_gas_fired_combined_cycle_1,6,892186.317955048,571.0,0.1788573637670256
MISC_natural_gas_fired_combined_cycle_2,6,8.576926837640652e6,4067.9999999999995,0.24134490554013133
MISC_natural_gas_fired_combustion_turbine_1,6,107622.76658423597,578.0,0.021313937511929313
MISC_natural_gas_fired_combustion_turbine_2,6,425389.38190017734,8951.0,0.005440044632245049
MISC_natural_gas_internal_combustion_engine_1,6,48828.81303664216,73.0,0.07656683262557416
MISC_natural_gas_steam_turbine_1,6,12543.082419806144,201.0,0.0071432457787790355
MISC_nuclear_1,6,1.769618545459446e7,2373.0,0.8536292686126692
MISC_onshore_wind_turbine_1,6,1.256423054022585e7,6437.0,0.22342911338584445
MISC_petroleum_liquids_1,6,134.45048122845782,322.0,4.779625438979486e-5
MISC_small_hydroelectric_1,6,122304.0,14.0,1.0
MISC_solar_photovoltaic_1,6,6.143739122687934e6,3922.0,0.17931331998139352
MISE_batteries_1,7,1394.8410041162504,1.0,0.0
MISE_biomass_1,7,532896.0,61.0,1.0
MISE_biomass_2,7,506688.0,58.0,1.0
MISE_conventional_hydroelectric_1,7,80875.82059363289,32.0,0.2893051045731488
MISE_conventional_steam_coal_1,7,283.7298429572432,3088.0,1.0517562480325412e-5
MISE_hydroelectric_pumped_storage_1,7,4.502593540495688e6,2047.0000000000002,0.0
MISE_natural_gas_fired_combined_cycle_1,7,5.508834619348961e6,6017.0,0.10480140326136693
MISE_natural_gas_fired_combined_cycle_2,7,147953.18637355824,744.0,0.022763485535929412
MISE_natural_gas_fired_combustion_turbine_1,7,21542.571877524428,3812.0,0.0006468923768518139
MISE_natural_gas_fired_combustion_turbine_2,7,327.40689066995304,585.0,6.406477776798492e-5
MISE_natural_gas_internal_combustion_engine_1,7,23446.333603532214,133.0,0.0201795126583046
MISE_natural_gas_steam_turbine_1,7,1630.1977884202392,9.0,0.02073409885556877
MISE_nuclear_1,7,9.3195599819153e6,1161.0,0.9188625740562579
MISE_onshore_wind_turbine_1,7,7.037107614509784e6,3706.0,0.21735826167785607
MISE_petroleum_liquids_1,7,132.08161386476115,45.0,0.0003359829412514274
MISE_small_hydroelectric_1,7,104832.0,12.0,1.0
MISE_solar_photovoltaic_1,7,1.8598656504115234e6,1182.0,0.18011565910935123
MISS_batteries_1,8,14622.834712011463,10.0,0.0
MISS_biomass_1,8,52416.0,6.0,1.0
MISS_biomass_2,8,655200.0,75.0,1.0
MISS_conventional_hydroelectric_1,8,1.1809585130633733e6,583.0,0.23187475124391593
MISS_conventional_steam_coal_1,8,251.4711897412205,5094.0,5.650887620006256e-6
MISS_conventional_steam_coal_2,8,184.5446201560161,1016.9999999999999,2.077149765299615e-5
MISS_natural_gas_fired_combined_cycle_1,8,3.977504774778094e7,17637.0,0.25815073708019215
MISS_natural_gas_fired_combined_cycle_2,8,378.65175357650077,2225.0,1.9480375847661272e-5
MISS_natural_gas_fired_combustion_turbine_1,8,351.09451933130504,3314.0,1.212715478246719e-5
MISS_natural_gas_fired_combustion_turbine_2,8,175896.45604920218,1742.0,0.011558362564896498
MISS_natural_gas_internal_combustion_engine_1,8,54660.383640980275,109.0,0.057402862814821175
MISS_natural_gas_steam_turbine_1,8,521.1974268283666,3307.0,1.8040785489306682e-5
MISS_natural_gas_steam_turbine_2,8,369.20658327553207,62.0,0.0006816557797093452
MISS_nuclear_1,8,4.187820286018496e7,5426.0,0.88347776030264
MISS_onshore_wind_turbine_1,8,1.4965876483867585e6,184.0,0.9310472211356546
MISS_petroleum_liquids_1,8,95.77865613641146,41.0,0.00026740668312899655
MISS_small_hydroelectric_1,8,26208.0,3.0,1.0
MISS_solar_photovoltaic_1,8,3.549311235906437e6,2208.0,0.18400617156738758
MISW_batteries_1,9,34071.49406530946,31.0,0.0
MISW_biomass_1,9,576576.0,66.0,1.0
MISW_biomass_2,9,122304.0,14.0,1.0
MISW_conventional_hydroelectric_1,9,234870.52763480003,99.0,0.2715693191470567
MISW_conventional_steam_coal_1,9,285.7701153278936,11897.0,2.749582298118889e-6
MISW_conventional_steam_coal_2,9,73.01781506465653,260.0,3.214717837095684e-5
MISW_natural_gas_fired_combined_cycle_1,9,1.5352976764609776e6,1477.0,0.1189869882506257
MISW_natural_gas_fired_combined_cycle_2,9,1.927437127804079e7,7005.0,0.3149629398356352
MISW_natural_gas_fired_combustion_turbine_1,9,33260.115800347965,723.0,0.005265902749334397
MISW_natural_gas_fired_combustion_turbine_2,9,1.1001866240579274e6,5582.0,0.022561288706511005
MISW_natural_gas_fired_combustion_turbine_3,9,128.48697892282001,194.0,7.581318853778417e-5
MISW_natural_gas_internal_combustion_engine_1,9,723082.2433353674,734.0,0.11276621704659218
MISW_natural_gas_steam_turbine_1,9,241.0174103116059,220.0,0.00012540449670725412
MISW_nuclear_1,9,2.11153057856255e7,2943.0,0.8212861285060805
MISW_onshore_wind_turbine_1,9,4.6134650276012115e7,23333.0,0.22633099171830848
MISW_petroleum_liquids_1,9,142.68440163780446,1123.0,1.4544008399731843e-5
MISW_small_hydroelectric_1,9,3.88752e6,445.0,1.0
MISW_solar_photovoltaic_1,9,4.889920497129389e6,3132.0,0.17871763941552568
NWPP_batteries_1,10,66053.46016124042,135.0,0.0
NWPP_biomass_1,10,532896.0,61.0,1.0
NWPP_biomass_2,10,541632.0,62.0,1.0
NWPP_conventional_hydroelectric_1,10,1.3385489530060478e8,31532.0,0.4859259757915442
NWPP_conventional_steam_coal_1,10,251.56961847805994,1482.0,1.9431098894769897e-5
NWPP_conventional_steam_coal_2,10,175.09077919242378,148.0,0.00013542190995355022
NWPP_geothermal_1,10,164498.63735113735,22.0,0.8559078283754649
NWPP_hydroelectric_pumped_storage_1,10,540350.3764186378,314.0,0.0
NWPP_natural_gas_fired_combined_cycle_1,10,911.0176164416455,2922.0,3.5688963745792834e-5
NWPP_natural_gas_fired_combined_cycle_2,10,2.4367056302964594e6,4016.0,0.06945391597234173
NWPP_natural_gas_fired_combustion_turbine_1,10,296.0688868073275,1018.0,3.3291423651665564e-5
NWPP_natural_gas_fired_combustion_turbine_2,10,176.50374650298528,324.0,6.235859085400319e-5
NWPP_natural_gas_internal_combustion_engine_1,10,1268.2799029849555,305.0,0.00047599527974875227
NWPP_natural_gas_steam_turbine_1,10,402.41680190040427,3.0,0.015354731452243753
NWPP_nuclear_1,10,7.074689509270104e6,1172.0,0.6909826575050655
NWPP_onshore_wind_turbine_1,10,1.942868355780944e7,8695.0,0.2557768079341396
NWPP_petroleum_liquids_1,10,125.0247531329076,21.0,0.0006814972153154304
NWPP_small_hydroelectric_1,10,3.651648e6,418.0,1.0
NWPP_solar_photovoltaic_1,10,2.739410465635016e6,1629.0,0.1924967497331882
NYCW_batteries_1,11,43947.6342213521,24.0,0.0
NYCW_biomass_2,11,104832.0,12.0,1.0
NYCW_natural_gas_fired_combined_cycle_1,11,4.159988300256291e6,1428.0,0.33346578216673617
NYCW_natural_gas_fired_combined_cycle_2,11,4.054046826780235e6,2816.0,0.16479479288534687
NYCW_natural_gas_fired_combustion_turbine_2,11,165402.53978209858,1057.0,0.017912432269747404
NYCW_natural_gas_fired_combustion_turbine_3,11,308268.9853055149,1020.0,0.03459529480283466
NYCW_natural_gas_internal_combustion_engine_1,11,45248.86092072171,37.0,0.13998880346228623
NYCW_natural_gas_steam_turbine_1,11,585.3737252939072,15.0,0.0044671377082868375
NYCW_petroleum_liquids_1,11,2756.8804694596147,384.0,0.0008218150437901878
NYCW_solar_photovoltaic_1,11,225745.9073933846,158.0,0.16354985872034286
NYUP_batteries_1,12,168023.75086871,170.0,0.0
NYUP_biomass_1,12,663936.0,76.0,1.0
NYUP_biomass_2,12,419328.0,48.0,1.0
NYUP_conventional_hydroelectric_1,12,1.743198172362194e7,3443.0,0.5795582786363642
NYUP_hydroelectric_pumped_storage_1,12,2.872184519889173e6,1405.0,0.0
NYUP_natural_gas_fired_combined_cycle_1,12,428669.96394584776,2282.0,0.02150278878386953
NYUP_natural_gas_fired_combined_cycle_2,12,1.5039302952464111e7,5798.0,0.29691823583508237
NYUP_natural_gas_fired_combustion_turbine_2,12,15322.260328563181,58.0,0.030240030015637197
NYUP_natural_gas_internal_combustion_engine_1,12,15890.108349075037,20.0,0.09094613295029211
NYUP_natural_gas_steam_turbine_1,12,13725.10085394092,49.0,0.03206319815247467
NYUP_nuclear_1,12,2.586361503536674e7,3375.0,0.877208487158009
NYUP_onshore_wind_turbine_1,12,5.662754362071356e6,3371.0,0.1922898432490113
NYUP_petroleum_liquids_1,12,127.60801785067311,76.0,0.00019219927500643605
NYUP_small_hydroelectric_1,12,3.293472e6,377.0,1.0
NYUP_solar_photovoltaic_1,12,2.579726558608052e6,1744.0,0.16932245975002022
PJMC_batteries_1,13,33698.93667628075,40.0,0.0
PJMC_biomass_1,13,78624.0,9.0,1.0
PJMC_biomass_2,13,157248.0,18.0,1.0
PJMC_conventional_hydroelectric_1,13,23431.769612607488,10.0,0.2682208060051223
PJMC_conventional_steam_coal_1,13,215.31332746491537,1538.0,1.6025144408271545e-5
PJMC_conventional_steam_coal_2,13,213.79885021272406,42.0,0.000582697895442842
PJMC_natural_gas_fired_combined_cycle_1,13,1.404276241528466e7,4843.0,0.3319139103208102
PJMC_natural_gas_fired_combined_cycle_2,13,3616.201940582307,195.0,0.0021227822042490297
PJMC_natural_gas_fired_combustion_turbine_1,13,26614.289192976266,103.0,0.029577742355009363
PJMC_natural_gas_fired_combustion_turbine_2,13,817909.784971288,8562.0,0.010934968970291574
PJMC_natural_gas_internal_combustion_engine_1,13,111074.40358430543,111.0,0.11454559324190822
PJMC_natural_gas_steam_turbine_1,13,1047.740692310511,2.0,0.05996684365330305
PJMC_nuclear_1,13,7.977682611793777e7,10667.0,0.8560947498500409
PJMC_onshore_wind_turbine_1,13,8.481906324793328e6,4456.0,0.21788917987665435
PJMC_petroleum_liquids_1,13,138.8381520085122,55.0,0.0002889571928249088
PJMC_small_hydroelectric_1,13,78624.0,9.0,1.0
PJMC_solar_photovoltaic_1,13,466277.91517142684,344.0,0.1551578589435545
PJMD_batteries_1,14,37663.882728979064,40.0,0.0
PJMD_biomass_1,14,375648.0,43.0,1.0
PJMD_biomass_2,14,26208.0,3.0,1.0
PJMD_conventional_hydroelectric_1,14,632132.8370399616,613.0,0.11804164445260386
PJMD_conventional_steam_coal_2,14,287.4333477993981,881.0,3.734638925434879e-5
PJMD_hydroelectric_pumped_storage_1,14,6.6003705834911335e6,3003.0,0.0
PJMD_natural_gas_fired_combined_cycle_1,14,1.5571866985011142e7,6982.0,0.2552984719900352
PJMD_natural_gas_fired_combined_cycle_2,14,272664.8458111428,730.0,0.04275566476791717
PJMD_natural_gas_fired_combustion_turbine_1,14,389.958688923634,2261.0,1.974264852315592e-5
PJMD_natural_gas_fired_combustion_turbine_2,14,7878.097758838471,60.0,0.015029948410482432
PJMD_natural_gas_fired_combustion_turbine_3,14,212226.4306222245,2240.0,0.010845231483752805
PJMD_natural_gas_internal_combustion_engine_1,14,2218.575675404303,2.0,0.12697891915088733
PJMD_natural_gas_steam_turbine_1,14,1710.535995548812,20.0,0.009790155652179555
PJMD_nuclear_1,14,2.955252065257199e7,3708.0,0.9123094609742668
PJMD_onshore_wind_turbine_1,14,235174.79723427133,208.0,0.1294239999572235
PJMD_petroleum_liquids_1,14,105.25773060507385,116.0,0.00010386838705976246
PJMD_small_hydroelectric_1,14,34944.0,4.0,1.0
PJMD_solar_photovoltaic_1,14,8.710348153613344e6,4754.0,0.20973152340609796
PJME_batteries_1,15,63830.22140658458,88.0,0.0
PJME_biomass_1,15,672672.0,77.0,1.0
PJME_biomass_2,15,987168.0,113.0,1.0
PJME_conventional_hydroelectric_1,15,2.4025465125593683e6,812.0,0.33869060483534646
PJME_conventional_steam_coal_1,15,277.5905391063702,6698.0,4.7440241562863714e-6
PJME_conventional_steam_coal_2,15,184.06753387417115,872.0,2.4162845857982357e-5
PJME_hydroelectric_pumped_storage_1,15,4.101475516472008e6,1972.0,0.0
PJME_natural_gas_fired_combined_cycle_1,15,313173.7888964782,2768.0,0.0129511011547658
PJME_natural_gas_fired_combined_cycle_2,15,8.236215844988413e7,24416.0,0.3861362529883244
PJME_natural_gas_fired_combustion_turbine_1,15,266.5768952860633,1554.0,1.9636264155103637e-5
PJME_natural_gas_fired_combustion_turbine_2,15,22596.652574753563,885.0,0.0029227267356265346
PJME_natural_gas_fired_combustion_turbine_3,15,123468.58475910222,2774.0,0.005094920221684274
PJME_natural_gas_internal_combustion_engine_1,15,160289.6508045712,265.0,0.06923839363664178
PJME_natural_gas_steam_turbine_1,15,316.1829625433116,90.0,0.00040214560763038207
PJME_nuclear_1,15,1.0259428827768695e8,12763.0,0.920148215947517
PJME_onshore_wind_turbine_1,15,2.0695185355278302e6,1314.0,0.18028572051684785
PJME_petroleum_liquids_1,15,87.41892239237562,646.0,1.5490316995893228e-5
PJME_small_hydroelectric_1,15,463008.0,53.0,1.0
PJME_solar_photovoltaic_1,15,3.4440471390309865e6,2216.0,0.17790440667063107
PJMW_batteries_1,16,33680.62948414217,32.0,0.0
PJMW_biomass_1,16,183456.0,21.0,1.0
PJMW_biomass_2,16,43680.0,5.0,1.0
PJMW_conventional_hydroelectric_1,16,2.117585698928208e6,833.0,0.2909935538677295
PJMW_conventional_steam_coal_1,16,227.03435909870922,405.0,6.416880316406335e-5
PJMW_conventional_steam_coal_2,16,296.51935239115505,17147.0,1.9794852488049563e-6
PJMW_conventional_steam_coal_3,16,175.56873278009448,145.0,0.0001386010584660339
PJMW_hydroelectric_pumped_storage_1,16,516069.4077324265,238.0,0.0
PJMW_natural_gas_fired_combined_cycle_1,16,4.684368171306184e7,17706.0,0.3028432764732351
PJMW_natural_gas_fired_combined_cycle_2,16,861422.6530277446,1613.0,0.061132097284465316
PJMW_natural_gas_fired_combustion_turbine_1,16,386.8991784060947,669.0,6.620016385064613e-5
PJMW_natural_gas_fired_combustion_turbine_2,16,26258.91956749045,10924.0,0.0002751582483586486
PJMW_natural_gas_internal_combustion_engine_1,16,35109.445634601754,83.0,0.048420944264146906
PJMW_natural_gas_steam_turbine_1,16,11040.58036480508,50.0,0.02527605394872958
PJMW_nuclear_1,16,4.975685581866265e7,6326.0,0.9003494759885118
PJMW_onshore_wind_turbine_1,16,8.940256014087303e6,4450.0,0.2299732480884292
PJMW_petroleum_liquids_1,16,154.5444081749153,197.0,8.979960869946827e-5
PJMW_small_hydroelectric_1,16,1.729728e6,198.0,1.0
PJMW_solar_photovoltaic_1,16,6.960855693364592e6,4144.0,0.1922782931831745
RMRG_batteries_1,17,136753.24671234706,240.0,0.0
RMRG_biomass_1,17,52416.0,6.0,1.0
RMRG_biomass_2,17,34944.0,4.0,1.0
RMRG_conventional_hydroelectric_1,17,1.6347001036621267e6,707.0,0.264670812748711
RMRG_conventional_steam_coal_1,17,259.03493281086133,5150.0,5.757560119733573e-6
RMRG_conventional_steam_coal_2,17,216.20242308842728,1100.0,2.2498587151226616e-5
RMRG_hydroelectric_pumped_storage_1,17,1.3431336696045783e6,581.0,0.0
RMRG_natural_gas_fired_combined_cycle_1,17,43377.49086523285,1606.0,0.003091763463793117
RMRG_natural_gas_fired_combined_cycle_2,17,2.718086233690625e6,1931.0,0.16112700398706287
RMRG_natural_gas_fired_combustion_turbine_1,17,207.72594398841284,222.0,0.00010710879697782235
RMRG_natural_gas_fired_combustion_turbine_2,17,319.1913890871247,2835.0,1.2887998538639388e-5
RMRG_natural_gas_internal_combustion_engine_1,17,129578.05680386465,243.0,0.06103972437210042
RMRG_onshore_wind_turbine_1,17,2.6249452165878702e7,11455.0,0.26230859732500306
RMRG_petroleum_liquids_1,17,99.876929300314,18.0,0.0006351554824246667
RMRG_small_hydroelectric_1,17,882336.0,101.0,1.0
RMRG_solar_photovoltaic_1,17,4.134867694170877e6,2310.0,0.2048976665284555
SPPC_batteries_1,18,1618.5299749054461,1.0,0.0
SPPC_biomass_1,18,26208.0,3.0,1.0
SPPC_biomass_2,18,78624.0,9.0,1.0
SPPC_conventional_hydroelectric_1,18,48133.750676204705,52.0,0.10595799581793441
SPPC_conventional_steam_coal_1,18,254.63168389768057,1996.0,1.4602905668117402e-5
SPPC_conventional_steam_coal_2,18,233.2128150701981,5017.0,5.3210297230761134e-6
SPPC_natural_gas_fired_combined_cycle_1,18,2.4984624464456486e6,1469.0,0.19468765089362458
SPPC_natural_gas_fired_combined_cycle_2,18,103098.17310969722,313.0,0.03770457126096313
SPPC_natural_gas_fired_combustion_turbine_1,18,28585.086880019026,3095.0,0.00105722211176078
SPPC_natural_gas_fired_combustion_turbine_2,18,126.14559098844018,196.0,7.367215590918657e-5
SPPC_natural_gas_fired_combustion_turbine_3,18,8873.050442711135,389.0,0.0026110231582316167
SPPC_natural_gas_internal_combustion_engine_1,18,96352.92539665803,415.0,0.026576891466044958
SPPC_natural_gas_steam_turbine_1,18,1049.6180270589598,10.0,0.012014858368348898
SPPC_nuclear_1,18,8.871411116039395e6,1255.0,0.8091636308282799
SPPC_onshore_wind_turbine_1,18,1.552190610565554e7,8380.0,0.212025652303905
SPPC_petroleum_liquids_1,18,114.74122406220694,175.0,7.505312929239073e-5
SPPC_small_hydroelectric_1,18,0.0,0.0,0.0
SPPC_solar_photovoltaic_1,18,108635.91642598822,102.0,0.12191598033154248
SPPN_batteries_1,19,7697.533251921152,5.0,0.0
SPPN_biomass_1,19,61152.0,7.0,1.0
SPPN_biomass_2,19,139776.0,16.0,1.0
SPPN_conventional_hydroelectric_1,19,9.034708776983099e6,2510.0,0.41202902570045363
SPPN_conventional_steam_coal_1,19,266.9802198983249,4289.0,7.125419120403121e-6
SPPN_conventional_steam_coal_2,19,189.46124900004014,727.0,2.9831381064494334e-5
SPPN_natural_gas_fired_combined_cycle_1,19,482842.4950093331,300.0,0.1842347737367724
SPPN_natural_gas_fired_combined_cycle_2,19,249634.0202371238,345.0,0.0828270226937423
SPPN_natural_gas_fired_combustion_turbine_1,19,5180.240787349353,323.0,0.0018358398780284114
SPPN_natural_gas_fired_combustion_turbine_2,19,410146.415735007,2094.0,0.022420723245062585
SPPN_natural_gas_internal_combustion_engine_1,19,313332.15317277366,396.0,0.09057266609917099
SPPN_natural_gas_steam_turbine_1,19,3071.139386804423,8.0,0.04394372977913838
SPPN_nuclear_1,19,5.401072858061259e6,770.0,0.802928151916723
SPPN_onshore_wind_turbine_1,19,1.496325234715425e7,7510.0,0.22807277029824474
SPPN_petroleum_liquids_1,19,124.11411430378911,60.0,0.00023678669548189314
SPPN_small_hydroelectric_1,19,541632.0,62.0,1.0
SPPN_solar_photovoltaic_1,19,147404.05201839507,126.0,0.13391408295758025
SPPS_batteries_1,20,198175.55672061638,222.0,0.0
SPPS_biomass_1,20,17472.0,2.0,1.0
SPPS_biomass_2,20,104832.0,12.0,1.0
SPPS_conventional_hydroelectric_1,20,2.159309332205529e6,2016.0,0.12260599568183973
SPPS_conventional_steam_coal_1,20,232.15802899582246,4269.0,6.225079867997543e-6
SPPS_conventional_steam_coal_2,20,153.27648139606876,2455.0,7.146796242440335e-6
SPPS_hydroelectric_pumped_storage_1,20,1.125140126808419e6,474.0,0.0
SPPS_natural_gas_fired_combined_cycle_1,20,795892.0354743056,2425.0,0.03756901341878638
SPPS_natural_gas_fired_combined_cycle_2,20,1.6315508997295944e7,6888.0,0.2711407938664356
SPPS_natural_gas_fired_combustion_turbine_1,20,38104.2454294233,332.0,0.013137800318521096
SPPS_natural_gas_fired_combustion_turbine_2,20,1686.1423065262409,3385.0,5.701943727059699e-5
SPPS_natural_gas_fired_combustion_turbine_3,20,219.44873559497242,14.0,0.0017942891123346122
SPPS_natural_gas_internal_combustion_engine_1,20,190177.5255849628,461.0,0.04722213752973777
SPPS_natural_gas_steam_turbine_1,20,676.288868281458,524.0,0.00014773667710899228
SPPS_onshore_wind_turbine_1,20,4.354129647219478e7,19179.0,0.2598739644754321
SPPS_petroleum_liquids_1,20,119.8658008205261,30.0,0.0004573634036192235
SPPS_small_hydroelectric_1,20,349440.0,40.0,1.0
SPPS_solar_photovoltaic_1,20,497648.6711692242,335.0,0.1700456068453147
SRCA_batteries_1,21,163800.84298620015,161.0,0.0
SRCA_biomass_1,21,681408.0,78.0,1.0
SRCA_biomass_2,21,323232.0,37.0,1.0
SRCA_conventional_hydroelectric_1,21,1.7572613918294732e6,1222.0,0.16460860564459584
SRCA_conventional_steam_coal_1,21,294.7951172880597,11113.0,3.036521400785559e-6
SRCA_conventional_steam_coal_2,21,193.77511887996158,1424.0,1.557669790766041e-5
SRCA_hydroelectric_pumped_storage_1,21,6.056356091489716e6,2796.0,0.0
SRCA_natural_gas_fired_combined_cycle_1,21,1.7779441536218736e7,8998.0,0.22618276100705956
SRCA_natural_gas_fired_combined_cycle_2,21,313.03710568080794,316.0,0.00011339557602500636
SRCA_natural_gas_fired_combustion_turbine_1,21,60197.100831001415,438.0,0.01573217757178646
SRCA_natural_gas_fired_combustion_turbine_2,21,185808.51038641727,9808.0,0.0021685653744478377
SRCA_natural_gas_steam_turbine_1,21,67329.65651861507,566.0,0.013616871602057502
SRCA_nuclear_1,21,9.744268878117278e7,12105.0,0.9214501392460808
SRCA_petroleum_liquids_1,21,116.38657276472532,446.0,2.9871387497311605e-5
SRCA_small_hydroelectric_1,21,270816.0,31.0,1.0
SRCA_solar_photovoltaic_1,21,1.3336043666374391e7,7907.0,0.19306459782434154
SRCE_batteries_1,22,118799.75722226792,122.0,0.0
SRCE_biomass_1,22,131040.0,15.0,1.0
SRCE_biomass_2,22,174720.0,20.0,1.0
SRCE_conventional_hydroelectric_1,22,1.4641313225630546e7,4439.0,0.3775567693784401
SRCE_conventional_steam_coal_1,22,267.2921551683321,1469.0,2.0828202507525185e-5
SRCE_conventional_steam_coal_2,22,269.49040879413593,6216.0,4.962718963950262e-6
SRCE_hydroelectric_pumped_storage_1,22,3.7390714944332014e6,1684.0,0.0
SRCE_natural_gas_fired_combined_cycle_1,22,1.708200443895118e7,9210.0,0.21230810542658454
SRCE_natural_gas_fired_combined_cycle_2,22,1.4059637034903807e6,2274.0,0.07077355700219135
SRCE_natural_gas_fired_combustion_turbine_1,22,214855.77055865558,4749.0,0.0051788368246856575
SRCE_natural_gas_fired_combustion_turbine_2,22,12979.302824050546,124.0,0.01198166174085961
SRCE_natural_gas_fired_combustion_turbine_3,22,265.65346216326617,1844.0,1.649080811065701e-5
SRCE_natural_gas_internal_combustion_engine_1,22,1935.7648134875983,3.0,0.0738616000262362
SRCE_natural_gas_steam_turbine_1,22,8155.978845925907,64.0,0.014587588080081535
SRCE_nuclear_1,22,6.5168293518155925e7,8542.0,0.8733013999528177
SRCE_onshore_wind_turbine_1,22,12994.281687724362,27.0,0.0550903951623099
SRCE_petroleum_liquids_1,22,100.36201496573068,70.0,0.00016411894127049104
SRCE_small_hydroelectric_1,22,401856.0,46.0,1.0
SRCE_solar_photovoltaic_1,22,3.029326698272659e6,1937.0,0.17902095366881035
SRSE_batteries_1,23,152301.56668477412,152.0,0.0
SRSE_biomass_1,23,1.764672e6,202.0,1.0
SRSE_biomass_2,23,358176.0,41.0,1.0
SRSE_conventional_hydroelectric_1,23,4.92503428641607e6,3430.0,0.16436241464614337
SRSE_conventional_steam_coal_1,23,279.6830358565403,9562.0,3.3481488732172008e-6
SRSE_conventional_steam_coal_2,23,182.72321490060367,1752.0,1.1938424042107532e-5
SRSE_hydroelectric_pumped_storage_1,23,4.035936494094167e6,1896.0,0.0
SRSE_natural_gas_fired_combined_cycle_1,23,4.1632837175096065e7,20004.0,0.23823553269597947
SRSE_natural_gas_fired_combined_cycle_2,23,147039.67406015712,1336.0,0.012598401587977643
SRSE_natural_gas_fired_combustion_turbine_1,23,416.38840553956754,12211.0,3.903325522898643e-6
SRSE_natural_gas_fired_combustion_turbine_2,23,1640.382954157556,357.0,0.0005259741570209994
SRSE_natural_gas_internal_combustion_engine_1,23,12619.437754582814,21.0,0.06878727190488626
SRSE_natural_gas_steam_turbine_1,23,607.7790579136001,87.0,0.0007996756161761612
SRSE_nuclear_1,23,6.405663077053479e7,8058.999999999999,0.9098510715975234
SRSE_petroleum_liquids_1,23,88.45755997756586,146.0,6.935367427615368e-5
SRSE_small_hydroelectric_1,23,34944.0,4.0,1.0
SRSE_solar_photovoltaic_1,23,1.247594615672005e7,7193.0,0.19854127481362963
SRSG_batteries_1,24,1.3857436519230143e6,2075.0,0.0
SRSG_biomass_1,24,87360.0,10.0,1.0
SRSG_biomass_2,24,227136.0,26.0,1.0
SRSG_conventional_hydroelectric_1,24,6.836916631023631e6,2766.0,0.28294073869181835
SRSG_conventional_steam_coal_1,24,272.1062434883427,3158.0,9.863107253641209e-6
SRSG_conventional_steam_coal_2,24,223.34332282262687,828.0,3.087663834566319e-5
SRSG_geothermal_1,24,1.1356171276078667e6,142.0,0.9154422751314512
SRSG_hydroelectric_pumped_storage_1,24,421197.1806978972,216.0,0.0
SRSG_natural_gas_fired_combined_cycle_1,24,1.5298590724029148e7,11059.0,0.158351777570623
SRSG_natural_gas_fired_combined_cycle_2,24,2.1096913529027468e6,861.0,0.2804808055128454
SRSG_natural_gas_fired_combustion_turbine_1,24,168.99172912390097,99.0,0.00019539688219639268
SRSG_natural_gas_fired_combustion_turbine_2,24,468.28526062774074,3547.0,1.5112512554712075e-5
SRSG_natural_gas_internal_combustion_engine_1,24,453.3297638714225,204.0,0.00025437325147205977
SRSG_natural_gas_steam_turbine_1,24,334.4380869488337,98.0,0.00039064028620584037
SRSG_nuclear_1,24,2.6613307942634087e7,4003.0,0.7610280139779004
SRSG_onshore_wind_turbine_1,24,9.295120816259824e6,4287.0,0.24819265802149912
SRSG_petroleum_liquids_1,24,65.49500849354772,23.0,0.000325962576114567
SRSG_small_hydroelectric_1,24,541632.0,62.0,1.0
SRSG_solar_photovoltaic_1,24,1.5602102975535808e7,7654.0,0.2333361655259832
TRE_batteries_1,25,1.9039273163771403e6,2830.0,0.0
TRE_biomass_1,25,61152.0,7.0,1.0
TRE_biomass_2,25,174720.0,20.0,1.0
TRE_conventional_hydroelectric_1,25,228798.69534390423,479.0,0.054677091540656336
TRE_conventional_steam_coal_1,25,273.2511357736747,5064.0,6.17668784100317e-6
TRE_conventional_steam_coal_2,25,230.55026928527235,5667.0,4.656930920782785e-6
TRE_natural_gas_fired_combined_cycle_1,25,5.525229886876812e7,31576.0,0.2002998451609517
TRE_natural_gas_fired_combined_cycle_2,25,120645.37351106598,6096.0,0.002265442734454354
TRE_natural_gas_fired_combustion_turbine_1,25,16638.146193459535,7554.0,0.000252124662646581
TRE_natural_gas_fired_combustion_turbine_2,25,455.8907173442639,1500.0,3.47901951575293e-5
TRE_natural_gas_internal_combustion_engine_1,25,521155.72618581716,900.0,0.06628456020881883
TRE_natural_gas_steam_turbine_1,25,396.3905473844569,336.0,0.00013504278525384045
TRE_nuclear_1,25,3.388729982585356e7,5120.0,0.7576251427698057
TRE_onshore_wind_turbine_1,25,2.8021408824576784e7,12328.0,0.260186473796814
TRE_petroleum_liquids_1,25,148.31697758128132,132.0,0.00012861875761502502
TRE_small_hydroelectric_1,25,174720.0,20.0,1.0
TRE_solar_photovoltaic_1,25,2.2247345701829728e7,12507.0,0.2036162468965157
TRE_WEST_batteries_1,26,1.2040602504318731e6,1876.0,0.0
TRE_WEST_natural_gas_fired_combined_cycle_1,26,1.1407168991296422e7,3197.0,0.4084346829021406
TRE_WEST_natural_gas_fired_combined_cycle_2,26,443.65027479854587,393.0,0.00012922173836511254
TRE_WEST_natural_gas_fired_combustion_turbine_1,26,234.72929226090386,872.0,3.081329764069482e-5
TRE_WEST_natural_gas_fired_combustion_turbine_2,26,395.07398011458105,336.0,0.00013459425560985368
TRE_WEST_natural_gas_internal_combustion_engine_1,26,7001.428965776341,9.0,0.08904951370798155
TRE_WEST_onshore_wind_turbine_1,26,5.219256739092037e7,25962.0,0.23012186745833677
TRE_WEST_petroleum_liquids_1,26,144.24881052536867,54.0,0.00030577773225598775
TRE_WEST_solar_photovoltaic_1,26,1.64991232649417e7,9872.0,0.19131238906702797
BASN_distributed_generation_1,1,3.59485687361828e6,1642.0,0.25060851659633177
CANO_distributed_generation_1,2,1.1758323971205657e7,5329.0,0.25257308933025724
CASO_distributed_generation_1,3,1.8872710170659523e7,8292.0,0.2605327668458014
FRCC_distributed_generation_1,4,1.0055899943138668e7,5592.0,0.2058453947967815
ISNE_distributed_generation_1,5,7.543752370380963e6,5017.0,0.1721197463966142
MISC_distributed_generation_1,6,2.261548846420212e6,1486.0,0.1742105843812867
MISE_distributed_generation_1,7,1.7855095738703455e6,1565.0,0.13059760601867382
MISS_distributed_generation_1,8,5.909983703875952e6,3255.0,0.20783690433553734
MISW_distributed_generation_1,9,3.6893195714436886e6,2762.0,0.15290087690293871
NWPP_distributed_generation_1,10,3.834192477318626e6,2187.0,0.20068388616082555
NYCW_distributed_generation_1,11,2.5370464373100656e6,1466.0,0.1980987890748031
NYUP_distributed_generation_1,12,1.8111073860913669e6,1088.0,0.1905472480855258
PJMC_distributed_generation_1,13,2.63412703353298e6,1903.0,0.1584474673648233
PJMD_distributed_generation_1,14,3.362491723701822e6,2051.0,0.1876648509985872
PJME_distributed_generation_1,15,1.6120043779750297e7,9275.0,0.19894804384435563
PJMW_distributed_generation_1,16,4.6428532807249185e6,2804.0,0.18953714084883147
RMRG_distributed_generation_1,17,2.170718406011429e6,1386.0,0.1792782619175987
SPPC_distributed_generation_1,18,534474.3813259399,382.0,0.1601588364347623
SPPN_distributed_generation_1,19,399554.24762547604,339.0,0.1349159912076688
SPPS_distributed_generation_1,20,2.4579850445515127e6,1620.0,0.17368071415510056
SRCA_distributed_generation_1,21,6.3722493979054e6,3265.0,0.2234070911763052
SRCE_distributed_generation_1,22,1.2156779104490126e6,823.0,0.16908538270836013
SRSE_distributed_generation_1,23,1.598655389630312e6,866.0,0.21131208675290059
SRSG_distributed_generation_1,24,5.74579237732184e6,2531.0,0.2598634250912242
TRE_distributed_generation_1,25,1.0744934582429627e7,5518.0,0.2228996847486321
TRE_WEST_distributed_generation_1,26,365296.3740269848,300.0,0.1393835370982085
BASN_naturalgas_ccavgcf_moderate_0,1,0.0,0.0,0.0
BASN_naturalgas_ctavgcf_moderate_0,1,0.0,0.0,0.0
BASN_battery_moderate_0,1,0.0,0.0,0.0
BASN_nuclear_nuclear_moderate_0,1,0.0,0.0,0.0
BASN_hydrogen_ctavgcf_moderate_0,1,0.0,0.0,0.0
BASN_hydrogen_ccavgcf_moderate_0,1,0.0,0.0,0.0
BASN_landbasedwind_class3_moderate_0,1,9.608526424823808e6,2442.6,0.4502894903253334
BASN_landbasedwind_class3_moderate_1,1,2.747424751661582e7,9223.0,0.340989473638028
BASN_landbasedwind_class3_moderate_2,1,1.1860440355295857e7,3585.9,0.378608198659029
BASN_landbasedwind_class3_moderate_3,1,3.8592755527657075e6,1452.0,0.3042471695575343
BASN_landbasedwind_class3_moderate_4,1,1.3853325736587007e7,5596.9,0.2833308556851847
BASN_landbasedwind_class3_moderate_5,1,0.0,0.0,0.0
BASN_landbasedwind_class3_moderate_6,1,0.0,0.0,0.0
BASN_landbasedwind_class3_moderate_7,1,3.786326227671456e6,916.8,0.472749196978873
BASN_landbasedwind_class3_moderate_8,1,0.0,0.0,0.0
BASN_landbasedwind_class3_moderate_9,1,2.198934613902143e6,608.0,0.41399596758990004
BASN_landbasedwind_class3_moderate_10,1,0.0,0.0,0.0
BASN_landbasedwind_class3_moderate_11,1,0.0,0.0,0.0
BASN_landbasedwind_class3_moderate_12,1,0.0,0.0,0.0
BASN_landbasedwind_class3_moderate_13,1,4.522861249590034e6,1367.0,0.3787321078206295
BASN_landbasedwind_class3_moderate_14,1,0.0,0.0,0.0
BASN_landbasedwind_class3_moderate_15,1,0.0,0.0,0.0
BASN_landbasedwind_class3_moderate_16,1,0.0,0.0,0.0
BASN_landbasedwind_class3_moderate_17,1,0.0,0.0,0.0
BASN_landbasedwind_class3_moderate_18,1,0.0,0.0,0.0
BASN_landbasedwind_class3_moderate_19,1,4.1653533218247914e6,1188.5,0.4011807024492187
BASN_landbasedwind_class3_moderate_20,1,0.0,0.0,0.0
BASN_landbasedwind_class3_moderate_21,1,0.0,0.0,0.0
BASN_landbasedwind_class3_moderate_22,1,0.0,0.0,0.0
BASN_landbasedwind_class3_moderate_23,1,2.5095665753051196e6,776.0,0.3701897373507656
BASN_utilitypv_class1_moderate_0,1,0.0,0.0,0.0
BASN_utilitypv_class1_moderate_1,1,0.0,0.0,0.0
BASN_utilitypv_class1_moderate_2,1,0.0,0.0,0.0
BASN_utilitypv_class1_moderate_3,1,0.0,0.0,0.0
BASN_utilitypv_class1_moderate_4,1,0.0,0.0,0.0
BASN_utilitypv_class1_moderate_5,1,0.0,0.0,0.0
BASN_utilitypv_class1_moderate_6,1,0.0,0.0,0.0
BASN_utilitypv_class1_moderate_7,1,0.0,0.0,0.0
BASN_utilitypv_class1_moderate_8,1,0.0,0.0,0.0
BASN_utilitypv_class1_moderate_9,1,0.0,0.0,0.0
CANO_naturalgas_ccccsavgcf_conservative_0,2,9.34219770498907e6,1627.0,0.6572776662161836
CANO_naturalgas_ccavgcf_moderate_0,2,0.0,0.0,0.0
CANO_naturalgas_ctavgcf_moderate_0,2,0.0,0.0,0.0
CANO_battery_moderate_0,2,0.0,0.0,0.0
CANO_nuclear_nuclear_moderate_0,2,0.0,0.0,0.0
CANO_hydrogen_ctavgcf_moderate_0,2,0.0,0.0,0.0
CANO_hydrogen_ccavgcf_moderate_0,2,0.0,0.0,0.0
CANO_landbasedwind_class3_moderate_0,2,0.0,0.0,0.0
CANO_landbasedwind_class3_moderate_1,2,0.0,0.0,0.0
CANO_landbasedwind_class3_moderate_2,2,1.5636556718434093e6,417.7,0.42851302172902667
CANO_landbasedwind_class3_moderate_3,2,0.0,0.0,0.0
CANO_landbasedwind_class3_moderate_4,2,0.0,0.0,0.0
CANO_landbasedwind_class3_moderate_5,2,0.0,0.0,0.0
CANO_landbasedwind_class3_moderate_6,2,0.0,0.0,0.0
CANO_landbasedwind_class3_moderate_7,2,0.0,0.0,0.0
CANO_landbasedwind_class3_moderate_8,2,0.0,0.0,0.0
CANO_landbasedwind_class3_moderate_9,2,0.0,0.0,0.0
CANO_landbasedwind_class3_moderate_10,2,0.0,0.0,0.0
CANO_landbasedwind_class3_moderate_11,2,0.0,0.0,0.0
CANO_landbasedwind_class3_moderate_12,2,0.0,0.0,0.0
CANO_landbasedwind_class3_moderate_13,2,0.0,0.0,0.0
CANO_landbasedwind_class3_moderate_14,2,0.0,0.0,0.0
CANO_landbasedwind_class3_moderate_15,2,0.0,0.0,0.0
CANO_landbasedwind_class3_moderate_16,2,0.0,0.0,0.0
CANO_landbasedwind_class3_moderate_17,2,0.0,0.0,0.0
CANO_landbasedwind_class3_moderate_18,2,0.0,0.0,0.0
CANO_landbasedwind_class3_moderate_19,2,0.0,0.0,0.0
CANO_landbasedwind_class3_moderate_20,2,0.0,0.0,0.0
CANO_landbasedwind_class3_moderate_21,2,0.0,0.0,0.0
CANO_landbasedwind_class3_moderate_22,2,0.0,0.0,0.0
CANO_landbasedwind_class3_moderate_23,2,0.0,0.0,0.0
CANO_utilitypv_class1_moderate_0,2,1.6884009513763588e7,6781.0,0.2850159853593899
CANO_utilitypv_class1_moderate_1,2,1.242904789230066e7,4990.7,0.2850780448956639
CANO_utilitypv_class1_moderate_2,2,0.0,0.0,0.0
CANO_utilitypv_class1_moderate_3,2,0.0,0.0,0.0
CANO_utilitypv_class1_moderate_4,2,0.0,0.0,0.0
CANO_utilitypv_class1_moderate_5,2,0.0,0.0,0.0
CANO_utilitypv_class1_moderate_6,2,0.0,0.0,0.0
CANO_utilitypv_class1_moderate_7,2,0.0,0.0,0.0
CANO_utilitypv_class1_moderate_8,2,0.0,0.0,0.0
CANO_utilitypv_class1_moderate_9,2,0.0,0.0,0.0
CANO_offshorewind_class12_moderate_floating_1_1,2,0.0,0.0,0.0
CANO_offshorewind_class12_moderate_floating_1_2,2,0.0,0.0,0.0
CANO_offshorewind_class12_moderate_floating_1_3,2,0.0,0.0,0.0
CANO_offshorewind_class12_moderate_floating_0_1,2,0.0,0.0,0.0
CANO_offshorewind_class12_moderate_floating_0_2,2,0.0,0.0,0.0
CANO_offshorewind_class12_moderate_floating_0_3,2,0.0,0.0,0.0
CASO_naturalgas_ccccsavgcf_conservative_0,3,5.202310918344561e6,908.0,0.6558398936529487
CASO_naturalgas_ccavgcf_moderate_0,3,0.0,0.0,0.0
CASO_naturalgas_ctavgcf_moderate_0,3,0.0,0.0,0.0
CASO_battery_moderate_0,3,0.0,0.0,0.0
CASO_nuclear_nuclear_moderate_0,3,0.0,0.0,0.0
CASO_hydrogen_ctavgcf_moderate_0,3,0.0,0.0,0.0
CASO_hydrogen_ccavgcf_moderate_0,3,0.0,0.0,0.0
CASO_landbasedwind_class3_moderate_0,3,1.3997535763934806e6,533.5,0.30033402516587376
CASO_landbasedwind_class3_moderate_1,3,426252.4472598984,162.9,0.2995250682315231
CASO_landbasedwind_class3_moderate_2,3,11184.199349489318,3.7,0.3460115133863392
CASO_landbasedwind_class3_moderate_3,3,326603.80812029395,122.0,0.30644235284210614
CASO_landbasedwind_class3_moderate_4,3,0.0,0.0,0.0
CASO_landbasedwind_class3_moderate_5,3,661239.2447111742,255.5,0.2962477709758814
CASO_landbasedwind_class3_moderate_6,3,0.0,0.0,0.0
CASO_landbasedwind_class3_moderate_7,3,0.0,0.0,0.0
CASO_landbasedwind_class3_moderate_8,3,0.0,0.0,0.0
CASO_landbasedwind_class3_moderate_9,3,600060.3688817612,270.6,0.25383676658781645
CASO_landbasedwind_class3_moderate_10,3,0.0,0.0,0.0
CASO_landbasedwind_class3_moderate_11,3,0.0,0.0,0.0
CASO_landbasedwind_class3_moderate_12,3,0.0,0.0,0.0
CASO_landbasedwind_class3_moderate_13,3,0.0,0.0,0.0
CASO_landbasedwind_class3_moderate_14,3,0.0,0.0,0.0
CASO_landbasedwind_class3_moderate_15,3,0.0,0.0,0.0
CASO_landbasedwind_class3_moderate_16,3,0.0,0.0,0.0
CASO_landbasedwind_class3_moderate_17,3,0.0,0.0,0.0
CASO_landbasedwind_class3_moderate_18,3,0.0,0.0,0.0
CASO_landbasedwind_class3_moderate_19,3,0.0,0.0,0.0
CASO_landbasedwind_class3_moderate_20,3,0.0,0.0,0.0
CASO_landbasedwind_class3_moderate_21,3,0.0,0.0,0.0
CASO_landbasedwind_class3_moderate_22,3,0.0,0.0,0.0
CASO_landbasedwind_class3_moderate_23,3,0.0,0.0,0.0
CASO_utilitypv_class1_moderate_0,3,2.4105928689456396e7,9621.7,0.28678697985278023
CASO_utilitypv_class1_moderate_1,3,1.5363632904551856e7,6078.0,0.28934807711426996
CASO_utilitypv_class1_moderate_2,3,0.0,0.0,0.0
CASO_utilitypv_class1_moderate_3,3,0.0,0.0,0.0
CASO_utilitypv_class1_moderate_4,3,0.0,0.0,0.0
CASO_utilitypv_class1_moderate_5,3,0.0,0.0,0.0
CASO_utilitypv_class1_moderate_6,3,0.0,0.0,0.0
CASO_utilitypv_class1_moderate_7,3,0.0,0.0,0.0
CASO_utilitypv_class1_moderate_8,3,0.0,0.0,0.0
CASO_utilitypv_class1_moderate_9,3,0.0,0.0,0.0
CASO_offshorewind_class12_moderate_floating_1_1,3,0.0,0.0,0.0
CASO_offshorewind_class12_moderate_floating_1_2,3,0.0,0.0,0.0
CASO_offshorewind_class12_moderate_floating_1_3,3,0.0,0.0,0.0
CASO_offshorewind_class12_moderate_floating_0_1,3,0.0,0.0,0.0
CASO_offshorewind_class12_moderate_floating_0_2,3,0.0,0.0,0.0
CASO_offshorewind_class12_moderate_floating_0_3,3,0.0,0.0,0.0
FRCC_naturalgas_ccccsavgcf_conservative_0,4,6.219077350767086e7,9579.0,0.743178538872891
FRCC_naturalgas_ccavgcf_moderate_0,4,0.0,0.0,0.0
FRCC_naturalgas_ctavgcf_moderate_0,4,0.0,0.0,0.0
FRCC_battery_moderate_0,4,0.0,0.0,0.0
FRCC_nuclear_nuclear_moderate_0,4,0.0,0.0,0.0
FRCC_hydrogen_ctavgcf_moderate_0,4,0.0,0.0,0.0
FRCC_hydrogen_ccavgcf_moderate_0,4,0.0,0.0,0.0
FRCC_landbasedwind_class3_moderate_0,4,5.945331742645154e6,2719.5,0.25025018329519616
FRCC_landbasedwind_class3_moderate_1,4,1.5995985762691277e6,562.8,0.32534511839292707
FRCC_landbasedwind_class3_moderate_2,4,1.994981373197214e6,782.5,0.29183802227018657
FRCC_landbasedwind_class3_moderate_3,4,4.505113749284951e6,2274.0,0.22677891608782627
FRCC_landbasedwind_class3_moderate_4,4,3.1622101978427945e6,1098.7,0.3294571862737125
FRCC_landbasedwind_class3_moderate_5,4,1.8495107983959625e6,689.6,0.3070060918145138
FRCC_landbasedwind_class3_moderate_6,4,5.995952410259489e6,2147.5,0.3196041275025633
FRCC_landbasedwind_class3_moderate_7,4,3.0960967578186993e6,1619.0,0.21890468199705954
FRCC_landbasedwind_class3_moderate_8,4,728415.4588186811,305.0,0.27337996863128305
FRCC_landbasedwind_class3_moderate_9,4,6.580805381601157e6,2471.9,0.30474425313421927
FRCC_landbasedwind_class3_moderate_10,4,2.1845931101141404e6,1160.6,0.215464322454998
FRCC_landbasedwind_class3_moderate_11,4,903377.438131256,410.0,0.2522160720236018
FRCC_utilitypv_class1_moderate_0,4,2.226650445741614e7,11325.0,0.22506149941998538
FRCC_utilitypv_class1_moderate_1,4,2.8960748308744136e7,14349.8,0.23102091827555285
FRCC_utilitypv_class1_moderate_2,4,0.0,0.0,0.0
FRCC_utilitypv_class1_moderate_3,4,0.0,0.0,0.0
FRCC_utilitypv_class1_moderate_4,4,0.0,0.0,0.0
FRCC_utilitypv_class1_moderate_5,4,0.0,0.0,0.0
FRCC_utilitypv_class1_moderate_6,4,0.0,0.0,0.0
FRCC_utilitypv_class1_moderate_7,4,0.0,0.0,0.0
FRCC_utilitypv_class1_moderate_8,4,0.0,0.0,0.0
FRCC_utilitypv_class1_moderate_9,4,0.0,0.0,0.0
FRCC_offshorewind_class3_moderate_fixed_0_1,4,0.0,0.0,0.0
FRCC_offshorewind_class3_moderate_fixed_0_2,4,0.0,0.0,0.0
FRCC_offshorewind_class3_moderate_fixed_0_3,4,0.0,0.0,0.0
FRCC_offshorewind_class12_moderate_floating_0_1,4,0.0,0.0,0.0
FRCC_offshorewind_class12_moderate_floating_0_2,4,0.0,0.0,0.0
FRCC_offshorewind_class12_moderate_floating_0_3,4,0.0,0.0,0.0
ISNE_naturalgas_ccavgcf_moderate_0,5,1.3782544009909008e7,3341.0,0.4722155529202137
ISNE_naturalgas_ctavgcf_moderate_0,5,0.0,0.0,0.0
ISNE_battery_moderate_0,5,0.0,0.0,0.0
ISNE_nuclear_nuclear_moderate_0,5,0.0,0.0,0.0
ISNE_hydrogen_ctavgcf_moderate_0,5,0.0,0.0,0.0
ISNE_hydrogen_ccavgcf_moderate_0,5,0.0,0.0,0.0
ISNE_landbasedwind_class3_moderate_0,5,1.0063101744819403e7,2534.8,0.45443894183530287
ISNE_landbasedwind_class3_moderate_1,5,1.9939901339735095e6,678.0,0.33665160235703034
ISNE_landbasedwind_class3_moderate_2,5,1.8681847732146256e7,5207.9,0.41062422398260584
ISNE_landbasedwind_class3_moderate_3,5,5.128401218617493e6,1614.6,0.36358371363550435
ISNE_landbasedwind_class3_moderate_4,5,1.3760462444190409e7,4119.6,0.3823537504983327
ISNE_landbasedwind_class3_moderate_5,5,5.171961040989298e6,1769.0,0.3346684609605716
ISNE_landbasedwind_class3_moderate_6,5,295391.8037853136,126.0,0.2683584472437656
ISNE_landbasedwind_class3_moderate_7,5,1.2655545479101118e7,3972.0,0.36471951667340796
ISNE_landbasedwind_class3_moderate_8,5,0.0,0.0,0.0
ISNE_landbasedwind_class3_moderate_9,5,0.0,0.0,0.0
ISNE_landbasedwind_class3_moderate_10,5,0.0,0.0,0.0
ISNE_landbasedwind_class3_moderate_11,5,221492.20465557402,98.8,0.2566190400367297
ISNE_landbasedwind_class3_moderate_12,5,0.0,0.0,0.0
ISNE_landbasedwind_class3_moderate_13,5,0.0,0.0,0.0
ISNE_landbasedwind_class3_moderate_14,5,0.0,0.0,0.0
ISNE_landbasedwind_class3_moderate_15,5,0.0,0.0,0.0
ISNE_landbasedwind_class3_moderate_16,5,0.0,0.0,0.0
ISNE_landbasedwind_class3_moderate_17,5,0.0,0.0,0.0
ISNE_landbasedwind_class3_moderate_18,5,0.0,0.0,0.0
ISNE_landbasedwind_class3_moderate_19,5,0.0,0.0,0.0
ISNE_landbasedwind_class3_moderate_20,5,0.0,0.0,0.0
ISNE_landbasedwind_class3_moderate_21,5,0.0,0.0,0.0
ISNE_landbasedwind_class3_moderate_22,5,0.0,0.0,0.0
ISNE_landbasedwind_class3_moderate_23,5,0.0,0.0,0.0
ISNE_utilitypv_class1_moderate_0,5,5.365639878159426e6,2826.0,0.21733853644790016
ISNE_utilitypv_class1_moderate_1,5,1.6441230449722955e7,8055.999999999999,0.2336158118235731
ISNE_utilitypv_class1_moderate_2,5,0.0,0.0,0.0
ISNE_utilitypv_class1_moderate_3,5,0.0,0.0,0.0
ISNE_utilitypv_class1_moderate_4,5,0.0,0.0,0.0
ISNE_utilitypv_class1_moderate_5,5,0.0,0.0,0.0
ISNE_utilitypv_class1_moderate_6,5,0.0,0.0,0.0
ISNE_utilitypv_class1_moderate_7,5,0.0,0.0,0.0
ISNE_utilitypv_class1_moderate_8,5,0.0,0.0,0.0
ISNE_utilitypv_class1_moderate_9,5,0.0,0.0,0.0
ISNE_offshorewind_class3_moderate_fixed_1_1,5,0.0,0.0,0.0
ISNE_offshorewind_class3_moderate_fixed_1_2,5,0.0,0.0,0.0
ISNE_offshorewind_class3_moderate_fixed_1_3,5,0.0,0.0,0.0
ISNE_offshorewind_class12_moderate_floating_1_1,5,0.0,0.0,0.0
ISNE_offshorewind_class12_moderate_floating_1_2,5,0.0,0.0,0.0
ISNE_offshorewind_class12_moderate_floating_1_3,5,0.0,0.0,0.0
ISNE_offshorewind_class3_moderate_fixed_0_1,5,0.0,0.0,0.0
ISNE_offshorewind_class3_moderate_fixed_0_2,5,0.0,0.0,0.0
ISNE_offshorewind_class3_moderate_fixed_0_3,5,0.0,0.0,0.0
ISNE_offshorewind_class12_moderate_floating_0_1,5,0.0,0.0,0.0
ISNE_offshorewind_class12_moderate_floating_0_2,5,0.0,0.0,0.0
ISNE_offshorewind_class12_moderate_floating_0_3,5,0.0,0.0,0.0
MISC_naturalgas_ccccsavgcf_conservative_0,6,1.2873892690511296e7,2303.0,0.6398870506195581
MISC_naturalgas_ccavgcf_moderate_0,6,0.0,0.0,0.0
MISC_naturalgas_ctavgcf_moderate_0,6,0.0,0.0,0.0
MISC_battery_moderate_0,6,0.0,0.0,0.0
MISC_nuclear_nuclear_moderate_0,6,0.0,0.0,0.0
MISC_hydrogen_ctavgcf_moderate_0,6,0.0,0.0,0.0
MISC_hydrogen_ccavgcf_moderate_0,6,0.0,0.0,0.0
MISC_utilitypv_class1_moderate_0,6,2.4686848480322506e7,11437.0,0.24708188448521726
MISC_utilitypv_class1_moderate_1,6,5.181228644823119e6,2459.0,0.2411912808159642
MISC_utilitypv_class1_moderate_2,6,0.0,0.0,0.0
MISC_utilitypv_class1_moderate_3,6,0.0,0.0,0.0
MISC_utilitypv_class1_moderate_4,6,0.0,0.0,0.0
MISC_utilitypv_class1_moderate_5,6,0.0,0.0,0.0
MISC_utilitypv_class1_moderate_6,6,0.0,0.0,0.0
MISC_utilitypv_class1_moderate_7,6,0.0,0.0,0.0
MISC_utilitypv_class1_moderate_8,6,0.0,0.0,0.0
MISC_utilitypv_class1_moderate_9,6,0.0,0.0,0.0
MISC_landbasedwind_class3_moderate_0,6,9.64887839325025e6,2854.0,0.38699935286388143
MISC_landbasedwind_class3_moderate_1,6,1.1888890460181743e7,3421.0,0.3978099359169014
MISC_landbasedwind_class3_moderate_2,6,4.55191221802491e6,1306.7,0.39875428389015205
MISC_landbasedwind_class3_moderate_3,6,1.3677334080012063e6,477.8,0.327674529321951
MISC_landbasedwind_class3_moderate_4,6,7.330653317256582e6,2264.7,0.37052658676260675
MISC_landbasedwind_class3_moderate_5,6,8.265435002325006e6,2426.0,0.38999792211762146
MISC_landbasedwind_class3_moderate_6,6,8.138343763855223e6,2434.0,0.3827390999612867
MISC_landbasedwind_class3_moderate_7,6,3.1619393952176203e6,930.8,0.3888521831649432
MISC_landbasedwind_class3_moderate_8,6,4.587489562766908e6,1498.6,0.3504101968588653
MISC_landbasedwind_class3_moderate_9,6,1.0869408236505294e7,3229.6,0.3852516776942295
MISC_landbasedwind_class3_moderate_10,6,3.347923717485931e6,976.0,0.3926567892100347
MISC_landbasedwind_class3_moderate_11,6,7.672232944923623e6,2345.8,0.3743847698635941
MISC_landbasedwind_class3_moderate_12,6,5.437683190770006e6,1771.0,0.3514655111173768
MISC_landbasedwind_class3_moderate_13,6,9.550276478863109e6,2865.0,0.3815739280625359
MISC_landbasedwind_class3_moderate_14,6,5.851796294858716e6,1703.0,0.39333439634502976
MISC_landbasedwind_class3_moderate_15,6,5.459610719154652e6,1715.0,0.364405504060451
MISC_landbasedwind_class3_moderate_16,6,789904.7913555197,289.0,0.31287025780270467
MISC_landbasedwind_class3_moderate_17,6,7.634800935855398e6,2502.5,0.34922956786141507
MISC_landbasedwind_class3_moderate_18,6,1.746650967135368e6,671.0,0.2979689311943807
MISC_landbasedwind_class3_moderate_19,6,8.030572473469093e6,2564.0,0.3585220405900653
MISC_landbasedwind_class3_moderate_20,6,0.0,0.0,0.0
MISC_landbasedwind_class3_moderate_21,6,0.0,0.0,0.0
MISC_landbasedwind_class3_moderate_22,6,0.0,0.0,0.0
MISC_landbasedwind_class3_moderate_23,6,0.0,0.0,0.0
MISE_naturalgas_ccccsavgcf_conservative_0,7,2.8562353204621397e7,4424.0,0.7390371016934095
MISE_naturalgas_ccavgcf_moderate_0,7,0.0,0.0,0.0
MISE_naturalgas_ctavgcf_moderate_0,7,0.0,0.0,0.0
MISE_battery_moderate_0,7,0.0,0.0,0.0
MISE_nuclear_nuclear_moderate_0,7,0.0,0.0,0.0
MISE_hydrogen_ctavgcf_moderate_0,7,0.0,0.0,0.0
MISE_hydrogen_ccavgcf_moderate_0,7,0.0,0.0,0.0
MISE_landbasedwind_class3_moderate_0,7,2.711614784978779e6,809.6,0.38339360834177977
MISE_landbasedwind_class3_moderate_1,7,1.6328480239137006e6,469.0,0.3985293372017709
MISE_landbasedwind_class3_moderate_2,7,754429.2803904146,242.5,0.3561181981375395
MISE_landbasedwind_class3_moderate_3,7,1.945298392546927e6,619.0,0.35973521494015204
MISE_landbasedwind_class3_moderate_4,7,2.6144893511009514e6,785.0,0.38124538495090987
MISE_landbasedwind_class3_moderate_5,7,358844.19532167696,105.0,0.3912046434258645
MISE_landbasedwind_class3_moderate_6,7,2.4263345323252333e6,707.6,0.39250955163491064
MISE_landbasedwind_class3_moderate_7,7,1.825657093443966e6,602.0,0.3471443428505953
MISE_landbasedwind_class3_moderate_8,7,875613.3821197117,322.0,0.3112747502018177
MISE_landbasedwind_class3_moderate_9,7,1.0795228021599215e6,392.8,0.31459202986632595
MISE_landbasedwind_class3_moderate_10,7,1.6979243322479092e6,525.0,0.37020851479328215
MISE_landbasedwind_class3_moderate_11,7,1.4420729130798199e6,477.0,0.34606383404938046
MISE_utilitypv_class1_moderate_0,7,1.994785642386857e7,9373.0,0.24361554181459286
MISE_utilitypv_class1_moderate_1,7,6.909738835041332e6,3313.0,0.2387413094547527
MISE_utilitypv_class1_moderate_2,7,0.0,0.0,0.0
MISE_utilitypv_class1_moderate_3,7,0.0,0.0,0.0
MISE_utilitypv_class1_moderate_4,7,0.0,0.0,0.0
MISE_utilitypv_class1_moderate_5,7,0.0,0.0,0.0
MISE_utilitypv_class1_moderate_6,7,0.0,0.0,0.0
MISE_utilitypv_class1_moderate_7,7,0.0,0.0,0.0
MISE_utilitypv_class1_moderate_8,7,0.0,0.0,0.0
MISE_utilitypv_class1_moderate_9,7,0.0,0.0,0.0
MISS_naturalgas_ccccsavgcf_conservative_0,8,1.2913683451826312e7,2185.0,0.6765284580507661
MISS_naturalgas_ccavgcf_moderate_0,8,0.0,0.0,0.0
MISS_naturalgas_ctavgcf_moderate_0,8,0.0,0.0,0.0
MISS_battery_moderate_0,8,0.0,0.0,0.0
MISS_nuclear_nuclear_moderate_0,8,0.0,0.0,0.0
MISS_hydrogen_ctavgcf_moderate_0,8,0.0,0.0,0.0
MISS_hydrogen_ccavgcf_moderate_0,8,0.0,0.0,0.0
MISS_utilitypv_class1_moderate_0,8,4.68219577724924e6,2307.6,0.23226106510774522
MISS_utilitypv_class1_moderate_1,8,1.6521434719369274e7,7735.8,0.2444724361698432
MISS_utilitypv_class1_moderate_2,8,0.0,0.0,0.0
MISS_utilitypv_class1_moderate_3,8,5.464129973996355e6,2719.0,0.23003779089137502
MISS_utilitypv_class1_moderate_4,8,0.0,0.0,0.0
MISS_utilitypv_class1_moderate_5,8,0.0,0.0,0.0
MISS_utilitypv_class1_moderate_6,8,0.0,0.0,0.0
MISS_utilitypv_class1_moderate_7,8,0.0,0.0,0.0
MISS_utilitypv_class1_moderate_8,8,0.0,0.0,0.0
MISS_utilitypv_class1_moderate_9,8,0.0,0.0,0.0
MISS_landbasedwind_class3_moderate_0,8,5.723166553152647e6,2025.9,0.3233744886250894
MISS_landbasedwind_class3_moderate_1,8,504963.82434172666,174.0,0.3321990550014517
MISS_landbasedwind_class3_moderate_2,8,5.705681205141439e6,1931.0,0.3382303721252629
MISS_landbasedwind_class3_moderate_3,8,1.0034773583974306e6,348.0,0.3300773383217518
MISS_landbasedwind_class3_moderate_4,8,3.8218721855152147e6,1266.0,0.34556506257587993
MISS_landbasedwind_class3_moderate_5,8,3.3014700338964895e6,1301.0,0.2904808038878668
MISS_landbasedwind_class3_moderate_6,8,4.910431840985604e6,1743.0,0.3224851158286734
MISS_landbasedwind_class3_moderate_7,8,450391.93712159037,217.9,0.23660327493456015
MISS_landbasedwind_class3_moderate_8,8,5.499899886233104e6,1956.0,0.32186467007645214
MISS_landbasedwind_class3_moderate_9,8,1.1681244156023616e6,487.0,0.2745664792861566
MISS_landbasedwind_class3_moderate_10,8,239333.41132982128,117.9,0.23236831063939187
MISS_landbasedwind_class3_moderate_11,8,5.4593339761117315e6,1864.0,0.3352595284344425
MISS_landbasedwind_class3_moderate_12,8,0.0,0.0,0.0
MISS_landbasedwind_class3_moderate_13,8,1.0099937473863559e6,434.0,0.266389026230344
MISS_landbasedwind_class3_moderate_14,8,0.0,0.0,0.0
MISS_landbasedwind_class3_moderate_15,8,0.0,0.0,0.0
MISS_landbasedwind_class3_moderate_16,8,0.0,0.0,0.0
MISS_landbasedwind_class3_moderate_17,8,0.0,0.0,0.0
MISS_landbasedwind_class3_moderate_18,8,0.0,0.0,0.0
MISS_landbasedwind_class3_moderate_19,8,0.0,0.0,0.0
MISS_landbasedwind_class3_moderate_20,8,0.0,0.0,0.0
MISS_landbasedwind_class3_moderate_21,8,0.0,0.0,0.0
MISS_landbasedwind_class3_moderate_22,8,0.0,0.0,0.0
MISS_landbasedwind_class3_moderate_23,8,0.0,0.0,0.0
MISS_offshorewind_class3_moderate_fixed_0_1,8,0.0,0.0,0.0
MISS_offshorewind_class3_moderate_fixed_0_2,8,0.0,0.0,0.0
MISS_offshorewind_class3_moderate_fixed_0_3,8,0.0,0.0,0.0
MISW_naturalgas_ccccsavgcf_conservative_0,9,1.737917172485381e7,3263.0,0.6096763876044782
MISW_naturalgas_ccavgcf_moderate_0,9,0.0,0.0,0.0
MISW_naturalgas_ctavgcf_moderate_0,9,0.0,0.0,0.0
MISW_battery_moderate_0,9,0.0,0.0,0.0
MISW_nuclear_nuclear_moderate_0,9,0.0,0.0,0.0
MISW_hydrogen_ctavgcf_moderate_0,9,0.0,0.0,0.0
MISW_hydrogen_ccavgcf_moderate_0,9,0.0,0.0,0.0
MISW_landbasedwind_class3_moderate_0,9,5.3757789739320524e7,15457.0,0.3981104449644817
MISW_landbasedwind_class3_moderate_1,9,0.0,0.0,0.0
MISW_landbasedwind_class3_moderate_2,9,0.0,0.0,0.0
MISW_landbasedwind_class3_moderate_3,9,0.0,0.0,0.0
MISW_landbasedwind_class3_moderate_4,9,0.0,0.0,0.0
MISW_landbasedwind_class3_moderate_5,9,0.0,0.0,0.0
MISW_landbasedwind_class3_moderate_6,9,0.0,0.0,0.0
MISW_landbasedwind_class3_moderate_7,9,1.2839413538103323e7,4070.9999999999995,0.36102016412499466
MISW_landbasedwind_class3_moderate_8,9,0.0,0.0,0.0
MISW_landbasedwind_class3_moderate_9,9,0.0,0.0,0.0
MISW_landbasedwind_class3_moderate_10,9,0.0,0.0,0.0
MISW_landbasedwind_class3_moderate_11,9,0.0,0.0,0.0
MISW_landbasedwind_class3_moderate_12,9,0.0,0.0,0.0
MISW_landbasedwind_class3_moderate_13,9,0.0,0.0,0.0
MISW_landbasedwind_class3_moderate_14,9,1.0070406230660804e7,3223.0,0.35766303629038776
MISW_landbasedwind_class3_moderate_15,9,0.0,0.0,0.0
MISW_landbasedwind_class3_moderate_16,9,0.0,0.0,0.0
MISW_landbasedwind_class3_moderate_17,9,0.0,0.0,0.0
MISW_landbasedwind_class3_moderate_18,9,0.0,0.0,0.0
MISW_landbasedwind_class3_moderate_19,9,0.0,0.0,0.0
MISW_landbasedwind_class3_moderate_20,9,0.0,0.0,0.0
MISW_landbasedwind_class3_moderate_21,9,0.0,0.0,0.0
MISW_landbasedwind_class3_moderate_22,9,0.0,0.0,0.0
MISW_landbasedwind_class3_moderate_23,9,0.0,0.0,0.0
MISW_utilitypv_class1_moderate_0,9,2.6913306861152224e7,12364.0,0.249169821699951
MISW_utilitypv_class1_moderate_1,9,1.1461374800337216e7,5362.0,0.24467932835633333
MISW_utilitypv_class1_moderate_2,9,0.0,0.0,0.0
MISW_utilitypv_class1_moderate_3,9,0.0,0.0,0.0
MISW_utilitypv_class1_moderate_4,9,0.0,0.0,0.0
MISW_utilitypv_class1_moderate_5,9,0.0,0.0,0.0
MISW_utilitypv_class1_moderate_6,9,0.0,0.0,0.0
MISW_utilitypv_class1_moderate_7,9,0.0,0.0,0.0
MISW_utilitypv_class1_moderate_8,9,0.0,0.0,0.0
MISW_utilitypv_class1_moderate_9,9,0.0,0.0,0.0
NWPP_naturalgas_ccccsavgcf_conservative_0,10,0.0,0.0,0.0
NWPP_naturalgas_ccavgcf_moderate_0,10,0.0,0.0,0.0
NWPP_naturalgas_ctavgcf_moderate_0,10,0.0,0.0,0.0
NWPP_battery_moderate_0,10,0.0,0.0,0.0
NWPP_nuclear_nuclear_moderate_0,10,0.0,0.0,0.0
NWPP_hydrogen_ctavgcf_moderate_0,10,0.0,0.0,0.0
NWPP_hydrogen_ccavgcf_moderate_0,10,0.0,0.0,0.0
NWPP_landbasedwind_class3_moderate_0,10,0.0,0.0,0.0
NWPP_landbasedwind_class3_moderate_1,10,2.139188922665776e7,5124.7,0.47782412016688763
NWPP_landbasedwind_class3_moderate_2,10,1.94878618821726e7,5444.0,0.409763670201757
NWPP_landbasedwind_class3_moderate_3,10,1.3795691652302984e7,3159.9,0.49975542200756834
NWPP_landbasedwind_class3_moderate_4,10,1.761605945893652e6,561.0,0.359445690317373
NWPP_landbasedwind_class3_moderate_5,10,0.0,0.0,0.0
NWPP_landbasedwind_class3_moderate_6,10,0.0,0.0,0.0
NWPP_landbasedwind_class3_moderate_7,10,0.0,0.0,0.0
NWPP_landbasedwind_class3_moderate_8,10,0.0,0.0,0.0
NWPP_landbasedwind_class3_moderate_9,10,0.0,0.0,0.0
NWPP_landbasedwind_class3_moderate_10,10,1.516104938829734e6,621.0,0.2794634633872413
NWPP_landbasedwind_class3_moderate_11,10,0.0,0.0,0.0
NWPP_landbasedwind_class3_moderate_12,10,0.0,0.0,0.0
NWPP_landbasedwind_class3_moderate_13,10,0.0,0.0,0.0
NWPP_landbasedwind_class3_moderate_14,10,1.3455363765623851e6,562.0,0.27406053581253853
NWPP_landbasedwind_class3_moderate_15,10,0.0,0.0,0.0
NWPP_landbasedwind_class3_moderate_16,10,0.0,0.0,0.0
NWPP_landbasedwind_class3_moderate_17,10,0.0,0.0,0.0
NWPP_landbasedwind_class3_moderate_18,10,0.0,0.0,0.0
NWPP_landbasedwind_class3_moderate_19,10,0.0,0.0,0.0
NWPP_landbasedwind_class3_moderate_20,10,0.0,0.0,0.0
NWPP_landbasedwind_class3_moderate_21,10,0.0,0.0,0.0
NWPP_landbasedwind_class3_moderate_22,10,1.670786994928103e6,720.0,0.26562929177606437
NWPP_landbasedwind_class3_moderate_23,10,0.0,0.0,0.0
NWPP_utilitypv_class1_moderate_0,10,1.365045269184546e7,5944.0,0.26287883901774967
NWPP_utilitypv_class1_moderate_1,10,0.0,0.0,0.0
NWPP_utilitypv_class1_moderate_2,10,0.0,0.0,0.0
NWPP_utilitypv_class1_moderate_3,10,0.0,0.0,0.0
NWPP_utilitypv_class1_moderate_4,10,0.0,0.0,0.0
NWPP_utilitypv_class1_moderate_5,10,0.0,0.0,0.0
NWPP_utilitypv_class1_moderate_6,10,0.0,0.0,0.0
NWPP_utilitypv_class1_moderate_7,10,0.0,0.0,0.0
NWPP_utilitypv_class1_moderate_8,10,0.0,0.0,0.0
NWPP_utilitypv_class1_moderate_9,10,0.0,0.0,0.0
NWPP_offshorewind_class12_moderate_floating_1_1,10,0.0,0.0,0.0
NWPP_offshorewind_class12_moderate_floating_1_2,10,0.0,0.0,0.0
NWPP_offshorewind_class12_moderate_floating_1_3,10,0.0,0.0,0.0
NWPP_offshorewind_class12_moderate_floating_0_1,10,0.0,0.0,0.0
NWPP_offshorewind_class12_moderate_floating_0_2,10,0.0,0.0,0.0
NWPP_offshorewind_class12_moderate_floating_0_3,10,0.0,0.0,0.0
NYCW_naturalgas_ccavgcf_moderate_0,11,3.7659293194366135e6,632.0,0.6820912228891024
NYCW_naturalgas_ctavgcf_moderate_0,11,0.0,0.0,0.0
NYCW_battery_moderate_0,11,0.0,0.0,0.0
NYCW_nuclear_nuclear_moderate_0,11,0.0,0.0,0.0
NYCW_hydrogen_ctavgcf_moderate_0,11,0.0,0.0,0.0
NYCW_hydrogen_ccavgcf_moderate_0,11,0.0,0.0,0.0
NYCW_offshorewind_class3_moderate_fixed_1_1,11,5.690794139878992e6,1523.0,0.4277207768338913
NYCW_offshorewind_class3_moderate_fixed_1_2,11,1.9032917083813585e6,501.0,0.4348655501225933
NYCW_offshorewind_class3_moderate_fixed_1_3,11,0.0,0.0,0.0
NYCW_offshorewind_class12_moderate_floating_1_1,11,0.0,0.0,0.0
NYCW_offshorewind_class12_moderate_floating_1_2,11,0.0,0.0,0.0
NYCW_offshorewind_class12_moderate_floating_1_3,11,0.0,0.0,0.0
NYCW_offshorewind_class3_moderate_fixed_0_1,11,2.1415208540581344e6,570.0,0.43006572000074994
NYCW_offshorewind_class3_moderate_fixed_0_2,11,0.0,0.0,0.0
NYCW_offshorewind_class3_moderate_fixed_0_3,11,232666.86967152212,68.0,0.3916634172180062
NYCW_offshorewind_class12_moderate_floating_0_1,11,0.0,0.0,0.0
NYCW_offshorewind_class12_moderate_floating_0_2,11,0.0,0.0,0.0
NYCW_offshorewind_class12_moderate_floating_0_3,11,0.0,0.0,0.0
NYUP_naturalgas_ccavgcf_moderate_0,12,0.0,0.0,0.0
NYUP_naturalgas_ctavgcf_moderate_0,12,0.0,0.0,0.0
NYUP_battery_moderate_0,12,0.0,0.0,0.0
NYUP_nuclear_nuclear_moderate_0,12,0.0,0.0,0.0
NYUP_hydrogen_ctavgcf_moderate_0,12,0.0,0.0,0.0
NYUP_hydrogen_ccavgcf_moderate_0,12,0.0,0.0,0.0
NYUP_landbasedwind_class3_moderate_0,12,7.099663177534613e6,1844.8,0.44053034586068807
NYUP_landbasedwind_class3_moderate_1,12,2.4803863925466887e6,740.7,0.3833225513687627
NYUP_landbasedwind_class3_moderate_2,12,2.4514559830140015e6,600.0,0.46769230445169446
NYUP_landbasedwind_class3_moderate_3,12,803487.8010527154,282.0,0.3261501283726568
NYUP_landbasedwind_class3_moderate_4,12,5.845194136000017e6,1598.0,0.41870634252064287
NYUP_landbasedwind_class3_moderate_5,12,0.0,0.0,0.0
NYUP_landbasedwind_class3_moderate_6,12,2.293201729354591e6,584.0,0.44948664033776764
NYUP_landbasedwind_class3_moderate_7,12,1.8705958559615107e6,557.6,0.38401180687244924
NYUP_landbasedwind_class3_moderate_8,12,4.923041750926958e6,1406.0,0.40080725388436644
NYUP_landbasedwind_class3_moderate_9,12,1.4441963858079112e6,486.0,0.34015539167380593
NYUP_landbasedwind_class3_moderate_10,12,3.3214245837817425e6,1010.9999999999999,0.3760630074425983
NYUP_landbasedwind_class3_moderate_11,12,0.0,0.0,0.0
NYUP_landbasedwind_class3_moderate_12,12,3.9915166187725444e6,1273.6,0.3587502943306333
NYUP_landbasedwind_class3_moderate_13,12,0.0,0.0,0.0
NYUP_landbasedwind_class3_moderate_14,12,5.080515789885953e6,1519.5,0.38273173635036595
NYUP_landbasedwind_class3_moderate_15,12,0.0,0.0,0.0
NYUP_landbasedwind_class3_moderate_16,12,0.0,0.0,0.0
NYUP_landbasedwind_class3_moderate_17,12,0.0,0.0,0.0
NYUP_landbasedwind_class3_moderate_18,12,0.0,0.0,0.0
NYUP_landbasedwind_class3_moderate_19,12,0.0,0.0,0.0
NYUP_landbasedwind_class3_moderate_20,12,0.0,0.0,0.0
NYUP_landbasedwind_class3_moderate_21,12,0.0,0.0,0.0
NYUP_landbasedwind_class3_moderate_22,12,0.0,0.0,0.0
NYUP_landbasedwind_class3_moderate_23,12,0.0,0.0,0.0
NYUP_utilitypv_class1_moderate_0,12,1.2597731384104487e7,5913.6,0.2438528149388218
NYUP_utilitypv_class1_moderate_1,12,1.8494476941711989e6,938.0,0.22569741732018855
NYUP_utilitypv_class1_moderate_2,12,0.0,0.0,0.0
NYUP_utilitypv_class1_moderate_3,12,0.0,0.0,0.0
NYUP_utilitypv_class1_moderate_4,12,0.0,0.0,0.0
NYUP_utilitypv_class1_moderate_5,12,0.0,0.0,0.0
NYUP_utilitypv_class1_moderate_6,12,0.0,0.0,0.0
NYUP_utilitypv_class1_moderate_7,12,0.0,0.0,0.0
NYUP_utilitypv_class1_moderate_8,12,0.0,0.0,0.0
NYUP_utilitypv_class1_moderate_9,12,0.0,0.0,0.0
PJMC_naturalgas_ccccsavgcf_conservative_0,13,0.0,0.0,0.0
PJMC_naturalgas_ccavgcf_moderate_0,13,0.0,0.0,0.0
PJMC_naturalgas_ctavgcf_moderate_0,13,0.0,0.0,0.0
PJMC_battery_moderate_0,13,0.0,0.0,0.0
PJMC_nuclear_nuclear_moderate_0,13,0.0,0.0,0.0
PJMC_hydrogen_ctavgcf_moderate_0,13,0.0,0.0,0.0
PJMC_hydrogen_ccavgcf_moderate_0,13,0.0,0.0,0.0
PJMC_utilitypv_class1_moderate_0,13,0.0,0.0,0.0
PJMC_utilitypv_class1_moderate_1,13,0.0,0.0,0.0
PJMC_utilitypv_class1_moderate_2,13,0.0,0.0,0.0
PJMC_utilitypv_class1_moderate_3,13,0.0,0.0,0.0
PJMC_utilitypv_class1_moderate_4,13,0.0,0.0,0.0
PJMC_utilitypv_class1_moderate_5,13,0.0,0.0,0.0
PJMC_utilitypv_class1_moderate_6,13,0.0,0.0,0.0
PJMC_utilitypv_class1_moderate_7,13,0.0,0.0,0.0
PJMC_utilitypv_class1_moderate_8,13,0.0,0.0,0.0
PJMC_utilitypv_class1_moderate_9,13,0.0,0.0,0.0
PJMC_landbasedwind_class3_moderate_0,13,0.0,0.0,0.0
PJMC_landbasedwind_class3_moderate_1,13,0.0,0.0,0.0
PJMC_landbasedwind_class3_moderate_2,13,3.2699862952954806e6,1037.0,0.360956237272153
PJMC_landbasedwind_class3_moderate_3,13,910658.7293402033,348.0,0.2995461800753795
PJMC_landbasedwind_class3_moderate_4,13,0.0,0.0,0.0
PJMC_landbasedwind_class3_moderate_5,13,0.0,0.0,0.0
PJMC_landbasedwind_class3_moderate_6,13,0.0,0.0,0.0
PJMC_landbasedwind_class3_moderate_7,13,345156.5219605418,144.0,0.2743727439780965
PJMC_landbasedwind_class3_moderate_8,13,0.0,0.0,0.0
PJMC_landbasedwind_class3_moderate_9,13,0.0,0.0,0.0
PJMC_landbasedwind_class3_moderate_10,13,0.0,0.0,0.0
PJMC_landbasedwind_class3_moderate_11,13,0.0,0.0,0.0
PJMC_landbasedwind_class3_moderate_12,13,0.0,0.0,0.0
PJMC_landbasedwind_class3_moderate_13,13,0.0,0.0,0.0
PJMC_landbasedwind_class3_moderate_14,13,0.0,0.0,0.0
PJMC_landbasedwind_class3_moderate_15,13,0.0,0.0,0.0
PJMC_landbasedwind_class3_moderate_16,13,0.0,0.0,0.0
PJMC_landbasedwind_class3_moderate_17,13,0.0,0.0,0.0
PJMC_landbasedwind_class3_moderate_18,13,0.0,0.0,0.0
PJMC_landbasedwind_class3_moderate_19,13,0.0,0.0,0.0
PJMC_landbasedwind_class3_moderate_20,13,0.0,0.0,0.0
PJMC_landbasedwind_class3_moderate_21,13,0.0,0.0,0.0
PJMC_landbasedwind_class3_moderate_22,13,0.0,0.0,0.0
PJMC_landbasedwind_class3_moderate_23,13,0.0,0.0,0.0
PJMD_naturalgas_ccavgcf_moderate_0,14,0.0,0.0,0.0
PJMD_naturalgas_ctavgcf_moderate_0,14,0.0,0.0,0.0
PJMD_battery_moderate_0,14,0.0,0.0,0.0
PJMD_nuclear_nuclear_moderate_0,14,0.0,0.0,0.0
PJMD_hydrogen_ctavgcf_moderate_0,14,0.0,0.0,0.0
PJMD_hydrogen_ccavgcf_moderate_0,14,0.0,0.0,0.0
PJMD_landbasedwind_class3_moderate_0,14,2.4059424077744083e6,682.0,0.4038203744800912
PJMD_landbasedwind_class3_moderate_1,14,1.6359244194855809e6,538.0,0.3480713952702616
PJMD_landbasedwind_class3_moderate_2,14,2.0255463062692282e6,517.5,0.44804248426616683
PJMD_landbasedwind_class3_moderate_3,14,70451.65163239511,27.7,0.29113792643741115
PJMD_landbasedwind_class3_moderate_4,14,275712.5111875474,109.5,0.28822372671687346
PJMD_landbasedwind_class3_moderate_5,14,2.082197291157843e6,673.0,0.35415566050369074
PJMD_landbasedwind_class3_moderate_6,14,2.223551463466722e6,678.0,0.3754091609308517
PJMD_landbasedwind_class3_moderate_7,14,926469.234740942,300.0,0.3535062708871116
PJMD_landbasedwind_class3_moderate_8,14,1.2698189006189033e6,408.0,0.35626158734055813
PJMD_landbasedwind_class3_moderate_9,14,188804.34345280036,79.0,0.2735723898966018
PJMD_landbasedwind_class3_moderate_10,14,2.0676890878565083e6,693.0,0.34153827122885516
PJMD_landbasedwind_class3_moderate_11,14,1.8004258446154618e6,587.6,0.3507363886887817
PJMD_landbasedwind_class3_moderate_12,14,818511.1894774771,320.0,0.29279389504545744
PJMD_landbasedwind_class3_moderate_13,14,2.8119995927064246e6,935.0,0.3442635296941324
PJMD_landbasedwind_class3_moderate_14,14,101597.76741674013,48.8,0.2383151858353697
PJMD_landbasedwind_class3_moderate_15,14,1.3132685711467317e6,453.0,0.3318506889223279
PJMD_landbasedwind_class3_moderate_16,14,0.0,0.0,0.0
PJMD_landbasedwind_class3_moderate_17,14,598226.964358923,207.7,0.32969841745219924
PJMD_landbasedwind_class3_moderate_18,14,1.3130131727395193e6,537.6,0.27957426881725034
PJMD_landbasedwind_class3_moderate_19,14,1.7472830958330825e6,652.0,0.30676305503934825
PJMD_landbasedwind_class3_moderate_20,14,0.0,0.0,0.0
PJMD_landbasedwind_class3_moderate_21,14,1.4900669796443037e6,654.0,0.26080470205265144
PJMD_landbasedwind_class3_moderate_22,14,0.0,0.0,0.0
PJMD_landbasedwind_class3_moderate_23,14,0.0,0.0,0.0
PJMD_utilitypv_class1_moderate_0,14,2.9189230880463887e7,13140.0,0.25428143939164494
PJMD_utilitypv_class1_moderate_1,14,2.089803192927624e6,1017.9,0.23501070680600494
PJMD_utilitypv_class1_moderate_2,14,0.0,0.0,0.0
PJMD_utilitypv_class1_moderate_3,14,0.0,0.0,0.0
PJMD_utilitypv_class1_moderate_4,14,0.0,0.0,0.0
PJMD_utilitypv_class1_moderate_5,14,0.0,0.0,0.0
PJMD_utilitypv_class1_moderate_6,14,0.0,0.0,0.0
PJMD_utilitypv_class1_moderate_7,14,0.0,0.0,0.0
PJMD_utilitypv_class1_moderate_8,14,0.0,0.0,0.0
PJMD_utilitypv_class1_moderate_9,14,0.0,0.0,0.0
PJMD_offshorewind_class3_moderate_fixed_1_1,14,0.0,0.0,0.0
PJMD_offshorewind_class3_moderate_fixed_1_2,14,0.0,0.0,0.0
PJMD_offshorewind_class3_moderate_fixed_1_3,14,0.0,0.0,0.0
PJMD_offshorewind_class3_moderate_fixed_0_1,14,0.0,0.0,0.0
PJMD_offshorewind_class3_moderate_fixed_0_2,14,0.0,0.0,0.0
PJMD_offshorewind_class3_moderate_fixed_0_3,14,0.0,0.0,0.0
PJMD_offshorewind_class12_moderate_floating_0_1,14,0.0,0.0,0.0
PJMD_offshorewind_class12_moderate_floating_0_2,14,0.0,0.0,0.0
PJMD_offshorewind_class12_moderate_floating_0_3,14,0.0,0.0,0.0
PJME_naturalgas_ccavgcf_moderate_0,15,0.0,0.0,0.0
PJME_naturalgas_ctavgcf_moderate_0,15,0.0,0.0,0.0
PJME_battery_moderate_0,15,0.0,0.0,0.0
PJME_nuclear_nuclear_moderate_0,15,0.0,0.0,0.0
PJME_hydrogen_ctavgcf_moderate_0,15,0.0,0.0,0.0
PJME_hydrogen_ccavgcf_moderate_0,15,0.0,0.0,0.0
PJME_landbasedwind_class3_moderate_0,15,6.900251107924105e6,1676.0,0.47127918190578527
PJME_landbasedwind_class3_moderate_1,15,916905.8056240194,273.8,0.3833351584904706
PJME_landbasedwind_class3_moderate_2,15,3.884342644430839e6,1157.0,0.38430103000517224
PJME_landbasedwind_class3_moderate_3,15,3.126219130875485e6,817.9,0.4375287369998254
PJME_landbasedwind_class3_moderate_4,15,2.7580737557568527e6,1057.0,0.29868833580214116
PJME_landbasedwind_class3_moderate_5,15,2.90897651000166e6,858.0,0.38809701383040834
PJME_utilitypv_class1_moderate_0,15,1.3788717478836125e7,6174.6,0.25562446673215344
PJME_utilitypv_class1_moderate_1,15,3.571212843441677e7,16550.7,0.24699419297394878
PJME_utilitypv_class1_moderate_2,15,0.0,0.0,0.0
PJME_utilitypv_class1_moderate_3,15,1.348384167570634e7,6011.0,0.2567759183656722
PJME_utilitypv_class1_moderate_4,15,0.0,0.0,0.0
PJME_utilitypv_class1_moderate_5,15,0.0,0.0,0.0
PJME_utilitypv_class1_moderate_6,15,0.0,0.0,0.0
PJME_utilitypv_class1_moderate_7,15,0.0,0.0,0.0
PJME_utilitypv_class1_moderate_8,15,0.0,0.0,0.0
PJME_utilitypv_class1_moderate_9,15,0.0,0.0,0.0
PJME_offshorewind_class3_moderate_fixed_1_1,15,0.0,0.0,0.0
PJME_offshorewind_class3_moderate_fixed_1_2,15,0.0,0.0,0.0
PJME_offshorewind_class3_moderate_fixed_1_3,15,0.0,0.0,0.0
PJME_offshorewind_class12_moderate_floating_1_1,15,0.0,0.0,0.0
PJME_offshorewind_class12_moderate_floating_1_2,15,0.0,0.0,0.0
PJME_offshorewind_class12_moderate_floating_1_3,15,0.0,0.0,0.0
PJME_offshorewind_class3_moderate_fixed_0_1,15,0.0,0.0,0.0
PJME_offshorewind_class3_moderate_fixed_0_2,15,0.0,0.0,0.0
PJME_offshorewind_class3_moderate_fixed_0_3,15,0.0,0.0,0.0
PJME_offshorewind_class12_moderate_floating_0_1,15,0.0,0.0,0.0
PJME_offshorewind_class12_moderate_floating_0_2,15,0.0,0.0,0.0
PJME_offshorewind_class12_moderate_floating_0_3,15,0.0,0.0,0.0
PJMW_naturalgas_ccccsavgcf_conservative_0,16,7.752329631080642e7,12407.0,0.7152416940905394
PJMW_naturalgas_ccavgcf_moderate_0,16,0.0,0.0,0.0
PJMW_naturalgas_ctavgcf_moderate_0,16,0.0,0.0,0.0
PJMW_battery_moderate_0,16,0.0,0.0,0.0
PJMW_nuclear_nuclear_moderate_0,16,0.0,0.0,0.0
PJMW_hydrogen_ctavgcf_moderate_0,16,0.0,0.0,0.0
PJMW_hydrogen_ccavgcf_moderate_0,16,0.0,0.0,0.0
PJMW_landbasedwind_class3_moderate_0,16,4.952404144990256e6,1236.0,0.4586537854918546
PJMW_landbasedwind_class3_moderate_1,16,5.541526099853253e6,1537.5,0.4125737886665217
PJMW_landbasedwind_class3_moderate_2,16,3.427781675176007e6,775.0,0.5062893883930059
PJMW_landbasedwind_class3_moderate_3,16,2.8708801027505575e6,810.0,0.40571158689890524
PJMW_landbasedwind_class3_moderate_4,16,4.553438466100758e6,1435.0,0.3632243419117782
PJMW_landbasedwind_class3_moderate_5,16,3.128589303393191e6,799.5,0.4479375421499116
PJMW_landbasedwind_class3_moderate_6,16,4.386272137292248e6,1285.5,0.39058077853540474
PJMW_landbasedwind_class3_moderate_7,16,2.896716670824665e6,842.0,0.3938050688804381
PJMW_landbasedwind_class3_moderate_8,16,7.046292153521241e6,2298.0,0.3509926290380531
PJMW_landbasedwind_class3_moderate_9,16,959243.4756987063,276.7,0.39683235060497907
PJMW_landbasedwind_class3_moderate_10,16,3.31594839308544e6,1183.8,0.320639337044979
PJMW_landbasedwind_class3_moderate_11,16,1.9385897977038182e6,584.6,0.3795897584914159
PJMW_landbasedwind_class3_moderate_12,16,2.9228068735183375e6,1113.5,0.3004673407035797
PJMW_landbasedwind_class3_moderate_13,16,2.9194192862666557e6,952.0,0.35103215399941895
PJMW_landbasedwind_class3_moderate_14,16,4.811468894014482e6,1685.6,0.3267461916973784
PJMW_landbasedwind_class3_moderate_15,16,1.9858043821500584e6,607.0,0.3744856222108932
PJMW_landbasedwind_class3_moderate_16,16,0.0,0.0,0.0
PJMW_landbasedwind_class3_moderate_17,16,1.9231205919005743e6,840.7,0.26185016104621056
PJMW_landbasedwind_class3_moderate_18,16,4.251573347293758e6,1513.7,0.3215120388919902
PJMW_landbasedwind_class3_moderate_19,16,3.7204531378547302e6,1456.0,0.2924972843405595
PJMW_utilitypv_class1_moderate_0,16,6.776274666145791e7,30397.0,0.25518059886266486
PJMW_utilitypv_class1_moderate_1,16,0.0,0.0,0.0
PJMW_utilitypv_class1_moderate_2,16,0.0,0.0,0.0
PJMW_utilitypv_class1_moderate_3,16,0.0,0.0,0.0
PJMW_utilitypv_class1_moderate_4,16,0.0,0.0,0.0
PJMW_utilitypv_class1_moderate_5,16,0.0,0.0,0.0
PJMW_utilitypv_class1_moderate_6,16,0.0,0.0,0.0
PJMW_utilitypv_class1_moderate_7,16,0.0,0.0,0.0
PJMW_utilitypv_class1_moderate_8,16,0.0,0.0,0.0
PJMW_utilitypv_class1_moderate_9,16,0.0,0.0,0.0
RMRG_naturalgas_ccccsavgcf_conservative_0,17,0.0,0.0,0.0
RMRG_naturalgas_ccavgcf_moderate_0,17,0.0,0.0,0.0
RMRG_naturalgas_ctavgcf_moderate_0,17,0.0,0.0,0.0
RMRG_battery_moderate_0,17,0.0,0.0,0.0
RMRG_nuclear_nuclear_moderate_0,17,0.0,0.0,0.0
RMRG_hydrogen_ctavgcf_moderate_0,17,0.0,0.0,0.0
RMRG_hydrogen_ccavgcf_moderate_0,17,0.0,0.0,0.0
RMRG_landbasedwind_class3_moderate_0,17,4.2871656629471675e7,10102.8,0.4857534398656499
RMRG_landbasedwind_class3_moderate_1,17,1.1898498157386048e7,3036.0,0.44861909517814796
RMRG_landbasedwind_class3_moderate_2,17,0.0,0.0,0.0
RMRG_landbasedwind_class3_moderate_3,17,2.1286176584196195e7,5296.8,0.4600144355982236
RMRG_landbasedwind_class3_moderate_4,17,0.0,0.0,0.0
RMRG_landbasedwind_class3_moderate_5,17,1.4587387660275355e6,552.0,0.30250030815921114
RMRG_landbasedwind_class3_moderate_6,17,0.0,0.0,0.0
RMRG_landbasedwind_class3_moderate_7,17,0.0,0.0,0.0
RMRG_landbasedwind_class3_moderate_8,17,0.0,0.0,0.0
RMRG_landbasedwind_class3_moderate_9,17,0.0,0.0,0.0
RMRG_landbasedwind_class3_moderate_10,17,0.0,0.0,0.0
RMRG_landbasedwind_class3_moderate_11,17,0.0,0.0,0.0
RMRG_landbasedwind_class3_moderate_12,17,0.0,0.0,0.0
RMRG_landbasedwind_class3_moderate_13,17,0.0,0.0,0.0
RMRG_landbasedwind_class3_moderate_14,17,0.0,0.0,0.0
RMRG_landbasedwind_class3_moderate_15,17,0.0,0.0,0.0
RMRG_landbasedwind_class3_moderate_16,17,0.0,0.0,0.0
RMRG_landbasedwind_class3_moderate_17,17,0.0,0.0,0.0
RMRG_landbasedwind_class3_moderate_18,17,0.0,0.0,0.0
RMRG_landbasedwind_class3_moderate_19,17,0.0,0.0,0.0
RMRG_landbasedwind_class3_moderate_20,17,0.0,0.0,0.0
RMRG_landbasedwind_class3_moderate_21,17,0.0,0.0,0.0
RMRG_landbasedwind_class3_moderate_22,17,0.0,0.0,0.0
RMRG_landbasedwind_class3_moderate_23,17,0.0,0.0,0.0
RMRG_utilitypv_class1_moderate_0,17,0.0,0.0,0.0
RMRG_utilitypv_class1_moderate_1,17,0.0,0.0,0.0
RMRG_utilitypv_class1_moderate_2,17,0.0,0.0,0.0
RMRG_utilitypv_class1_moderate_3,17,0.0,0.0,0.0
RMRG_utilitypv_class1_moderate_4,17,0.0,0.0,0.0
RMRG_utilitypv_class1_moderate_5,17,0.0,0.0,0.0
RMRG_utilitypv_class1_moderate_6,17,0.0,0.0,0.0
RMRG_utilitypv_class1_moderate_7,17,0.0,0.0,0.0
RMRG_utilitypv_class1_moderate_8,17,0.0,0.0,0.0
RMRG_utilitypv_class1_moderate_9,17,0.0,0.0,0.0
SPPC_naturalgas_ccccsavgcf_conservative_0,18,0.0,0.0,0.0
SPPC_naturalgas_ccavgcf_moderate_0,18,0.0,0.0,0.0
SPPC_naturalgas_ctavgcf_moderate_0,18,0.0,0.0,0.0
SPPC_battery_moderate_0,18,0.0,0.0,0.0
SPPC_nuclear_nuclear_moderate_0,18,0.0,0.0,0.0
SPPC_hydrogen_ctavgcf_moderate_0,18,0.0,0.0,0.0
SPPC_hydrogen_ccavgcf_moderate_0,18,0.0,0.0,0.0
SPPC_utilitypv_class1_moderate_0,18,2.1682522255031936e7,9852.0,0.2519258730566777
SPPC_utilitypv_class1_moderate_1,18,931827.0198591328,525.9,0.20282407462384666
SPPC_utilitypv_class1_moderate_2,18,0.0,0.0,0.0
SPPC_utilitypv_class1_moderate_3,18,0.0,0.0,0.0
SPPC_utilitypv_class1_moderate_4,18,0.0,0.0,0.0
SPPC_utilitypv_class1_moderate_5,18,0.0,0.0,0.0
SPPC_utilitypv_class1_moderate_6,18,0.0,0.0,0.0
SPPC_utilitypv_class1_moderate_7,18,0.0,0.0,0.0
SPPC_utilitypv_class1_moderate_8,18,0.0,0.0,0.0
SPPC_utilitypv_class1_moderate_9,18,0.0,0.0,0.0
SPPC_landbasedwind_class3_moderate_0,18,5.855897168645322e6,2235.0,0.29991852319519846
SPPC_landbasedwind_class3_moderate_1,18,1.7864406375249363e7,5078.9,0.4026301585353399
SPPC_landbasedwind_class3_moderate_2,18,0.0,0.0,0.0
SPPC_landbasedwind_class3_moderate_3,18,0.0,0.0,0.0
SPPC_landbasedwind_class3_moderate_4,18,0.0,0.0,0.0
SPPC_landbasedwind_class3_moderate_5,18,0.0,0.0,0.0
SPPC_landbasedwind_class3_moderate_6,18,0.0,0.0,0.0
SPPC_landbasedwind_class3_moderate_7,18,0.0,0.0,0.0
SPPC_landbasedwind_class3_moderate_8,18,0.0,0.0,0.0
SPPC_landbasedwind_class3_moderate_9,18,0.0,0.0,0.0
SPPC_landbasedwind_class3_moderate_10,18,0.0,0.0,0.0
SPPC_landbasedwind_class3_moderate_11,18,0.0,0.0,0.0
SPPC_landbasedwind_class3_moderate_12,18,0.0,0.0,0.0
SPPC_landbasedwind_class3_moderate_13,18,0.0,0.0,0.0
SPPC_landbasedwind_class3_moderate_14,18,0.0,0.0,0.0
SPPC_landbasedwind_class3_moderate_15,18,0.0,0.0,0.0
SPPC_landbasedwind_class3_moderate_16,18,0.0,0.0,0.0
SPPC_landbasedwind_class3_moderate_17,18,0.0,0.0,0.0
SPPC_landbasedwind_class3_moderate_18,18,0.0,0.0,0.0
SPPC_landbasedwind_class3_moderate_19,18,0.0,0.0,0.0
SPPC_landbasedwind_class3_moderate_20,18,0.0,0.0,0.0
SPPC_landbasedwind_class3_moderate_21,18,0.0,0.0,0.0
SPPC_landbasedwind_class3_moderate_22,18,0.0,0.0,0.0
SPPC_landbasedwind_class3_moderate_23,18,0.0,0.0,0.0
SPPN_naturalgas_ccccsavgcf_conservative_0,19,0.0,0.0,0.0
SPPN_naturalgas_ccavgcf_moderate_0,19,0.0,0.0,0.0
SPPN_naturalgas_ctavgcf_moderate_0,19,0.0,0.0,0.0
SPPN_battery_moderate_0,19,0.0,0.0,0.0
SPPN_nuclear_nuclear_moderate_0,19,0.0,0.0,0.0
SPPN_hydrogen_ctavgcf_moderate_0,19,0.0,0.0,0.0
SPPN_hydrogen_ccavgcf_moderate_0,19,0.0,0.0,0.0
SPPN_landbasedwind_class3_moderate_0,19,1.735807790032851e7,5073.8,0.39161170456318645
SPPN_landbasedwind_class3_moderate_1,19,0.0,0.0,0.0
SPPN_landbasedwind_class3_moderate_2,19,2.6087162631809493e6,901.9,0.33109744801838636
SPPN_landbasedwind_class3_moderate_3,19,0.0,0.0,0.0
SPPN_landbasedwind_class3_moderate_4,19,0.0,0.0,0.0
SPPN_landbasedwind_class3_moderate_5,19,0.0,0.0,0.0
SPPN_landbasedwind_class3_moderate_6,19,0.0,0.0,0.0
SPPN_landbasedwind_class3_moderate_7,19,0.0,0.0,0.0
SPPN_landbasedwind_class3_moderate_8,19,0.0,0.0,0.0
SPPN_landbasedwind_class3_moderate_9,19,0.0,0.0,0.0
SPPN_landbasedwind_class3_moderate_10,19,0.0,0.0,0.0
SPPN_landbasedwind_class3_moderate_11,19,0.0,0.0,0.0
SPPN_landbasedwind_class3_moderate_12,19,0.0,0.0,0.0
SPPN_landbasedwind_class3_moderate_13,19,0.0,0.0,0.0
SPPN_landbasedwind_class3_moderate_14,19,0.0,0.0,0.0
SPPN_landbasedwind_class3_moderate_15,19,0.0,0.0,0.0
SPPN_landbasedwind_class3_moderate_16,19,0.0,0.0,0.0
SPPN_landbasedwind_class3_moderate_17,19,0.0,0.0,0.0
SPPN_landbasedwind_class3_moderate_18,19,0.0,0.0,0.0
SPPN_landbasedwind_class3_moderate_19,19,0.0,0.0,0.0
SPPN_landbasedwind_class3_moderate_20,19,0.0,0.0,0.0
SPPN_landbasedwind_class3_moderate_21,19,0.0,0.0,0.0
SPPN_landbasedwind_class3_moderate_22,19,0.0,0.0,0.0
SPPN_landbasedwind_class3_moderate_23,19,0.0,0.0,0.0
SPPN_utilitypv_class1_moderate_0,19,0.0,0.0,0.0
SPPN_utilitypv_class1_moderate_1,19,2.977817609077213e6,1409.6,0.2418185302968626
SPPN_utilitypv_class1_moderate_2,19,0.0,0.0,0.0
SPPN_utilitypv_class1_moderate_3,19,1.6368196020759079e6,810.0,0.23131466813581206
SPPN_utilitypv_class1_moderate_4,19,0.0,0.0,0.0
SPPN_utilitypv_class1_moderate_5,19,330294.5064070359,189.0,0.20004464068104486
SPPN_utilitypv_class1_moderate_6,19,0.0,0.0,0.0
SPPN_utilitypv_class1_moderate_7,19,1.6798851459419224e6,808.0,0.23798829838376795
SPPN_utilitypv_class1_moderate_8,19,0.0,0.0,0.0
SPPN_utilitypv_class1_moderate_9,19,2.032453855329748e6,984.6,0.23629157516246393
SPPS_naturalgas_ccccsavgcf_conservative_0,20,0.0,0.0,0.0
SPPS_naturalgas_ccavgcf_moderate_0,20,0.0,0.0,0.0
SPPS_naturalgas_ctavgcf_moderate_0,20,0.0,0.0,0.0
SPPS_battery_moderate_0,20,0.0,0.0,0.0
SPPS_nuclear_nuclear_moderate_0,20,0.0,0.0,0.0
SPPS_hydrogen_ctavgcf_moderate_0,20,0.0,0.0,0.0
SPPS_hydrogen_ccavgcf_moderate_0,20,0.0,0.0,0.0
SPPS_landbasedwind_class3_moderate_0,20,3.749550403491979e7,10735.0,0.39982000648020444
SPPS_landbasedwind_class3_moderate_1,20,2.122971771863861e7,6857.0,0.35440304509947407
SPPS_landbasedwind_class3_moderate_2,20,2.755416060932422e7,8341.6,0.3781161259640906
SPPS_landbasedwind_class3_moderate_3,20,0.0,0.0,0.0
SPPS_landbasedwind_class3_moderate_4,20,0.0,0.0,0.0
SPPS_landbasedwind_class3_moderate_5,20,0.0,0.0,0.0
SPPS_landbasedwind_class3_moderate_6,20,0.0,0.0,0.0
SPPS_landbasedwind_class3_moderate_7,20,0.0,0.0,0.0
SPPS_landbasedwind_class3_moderate_8,20,0.0,0.0,0.0
SPPS_landbasedwind_class3_moderate_9,20,0.0,0.0,0.0
SPPS_landbasedwind_class3_moderate_10,20,0.0,0.0,0.0
SPPS_landbasedwind_class3_moderate_11,20,0.0,0.0,0.0
SPPS_landbasedwind_class3_moderate_12,20,0.0,0.0,0.0
SPPS_landbasedwind_class3_moderate_13,20,0.0,0.0,0.0
SPPS_landbasedwind_class3_moderate_14,20,0.0,0.0,0.0
SPPS_landbasedwind_class3_moderate_15,20,0.0,0.0,0.0
SPPS_landbasedwind_class3_moderate_16,20,0.0,0.0,0.0
SPPS_landbasedwind_class3_moderate_17,20,0.0,0.0,0.0
SPPS_landbasedwind_class3_moderate_18,20,0.0,0.0,0.0
SPPS_landbasedwind_class3_moderate_19,20,0.0,0.0,0.0
SPPS_landbasedwind_class3_moderate_20,20,0.0,0.0,0.0
SPPS_landbasedwind_class3_moderate_21,20,0.0,0.0,0.0
SPPS_landbasedwind_class3_moderate_22,20,0.0,0.0,0.0
SPPS_landbasedwind_class3_moderate_23,20,0.0,0.0,0.0
SPPS_utilitypv_class1_moderate_0,20,8.0496853880736735e6,4081.0000000000005,0.22578739174329915
SPPS_utilitypv_class1_moderate_1,20,7.373098981475937e6,3452.0,0.24449312515240199
SPPS_utilitypv_class1_moderate_2,20,0.0,0.0,0.0
SPPS_utilitypv_class1_moderate_3,20,0.0,0.0,0.0
SPPS_utilitypv_class1_moderate_4,20,0.0,0.0,0.0
SPPS_utilitypv_class1_moderate_5,20,0.0,0.0,0.0
SPPS_utilitypv_class1_moderate_6,20,0.0,0.0,0.0
SPPS_utilitypv_class1_moderate_7,20,0.0,0.0,0.0
SPPS_utilitypv_class1_moderate_8,20,0.0,0.0,0.0
SPPS_utilitypv_class1_moderate_9,20,0.0,0.0,0.0
SRCA_naturalgas_ccccsavgcf_conservative_0,21,2.6994030877776686e7,4349.0,0.7105026585460018
SRCA_naturalgas_ccavgcf_moderate_0,21,0.0,0.0,0.0
SRCA_naturalgas_ctavgcf_moderate_0,21,0.0,0.0,0.0
SRCA_battery_moderate_0,21,0.0,0.0,0.0
SRCA_nuclear_nuclear_moderate_0,21,0.0,0.0,0.0
SRCA_hydrogen_ctavgcf_moderate_0,21,0.0,0.0,0.0
SRCA_hydrogen_ccavgcf_moderate_0,21,0.0,0.0,0.0
SRCA_landbasedwind_class3_moderate_0,21,1.5255621079797617e6,448.6,0.3892763312018959
SRCA_landbasedwind_class3_moderate_1,21,3.9897797339598867e6,1312.8,0.3478866206789126
SRCA_landbasedwind_class3_moderate_2,21,1.3642308259057384e6,488.0,0.32000400310420285
SRCA_landbasedwind_class3_moderate_3,21,4.764583287626714e6,1681.6,0.3243318497870832
SRCA_landbasedwind_class3_moderate_4,21,1.0486186690248232e6,359.0,0.3343570704850238
SRCA_landbasedwind_class3_moderate_5,21,495701.96127080236,207.0,0.27411807063602794
SRCA_landbasedwind_class3_moderate_6,21,2.0572474187074204e6,853.7,0.27584722496303266
SRCA_landbasedwind_class3_moderate_7,21,2.2238700124032376e6,770.0,0.33060243512488074
SRCA_landbasedwind_class3_moderate_8,21,1.667933845681513e6,631.9,0.3021466898628723
SRCA_landbasedwind_class3_moderate_9,21,1.691499127479221e6,619.7,0.31244793347203714
SRCA_landbasedwind_class3_moderate_10,21,2.304352975706813e6,1060.0,0.24884591364585631
SRCA_landbasedwind_class3_moderate_11,21,1.335009124407554e6,565.0,0.27047252836549684
SRCA_landbasedwind_class3_moderate_12,21,3.708483469386193e6,1724.7,0.24613317773652948
SRCA_landbasedwind_class3_moderate_13,21,0.0,0.0,0.0
SRCA_landbasedwind_class3_moderate_14,21,0.0,0.0,0.0
SRCA_utilitypv_class1_moderate_0,21,2.346338844120286e7,10666.0,0.2518120599527819
SRCA_utilitypv_class1_moderate_1,21,1.702043685567566e7,7724.0,0.2522410771146042
SRCA_utilitypv_class1_moderate_2,21,0.0,0.0,0.0
SRCA_utilitypv_class1_moderate_3,21,0.0,0.0,0.0
SRCA_utilitypv_class1_moderate_4,21,0.0,0.0,0.0
SRCA_utilitypv_class1_moderate_5,21,0.0,0.0,0.0
SRCA_utilitypv_class1_moderate_6,21,0.0,0.0,0.0
SRCA_utilitypv_class1_moderate_7,21,0.0,0.0,0.0
SRCA_utilitypv_class1_moderate_8,21,0.0,0.0,0.0
SRCA_utilitypv_class1_moderate_9,21,0.0,0.0,0.0
SRCA_offshorewind_class3_moderate_fixed_1_1,21,0.0,0.0,0.0
SRCA_offshorewind_class3_moderate_fixed_1_2,21,0.0,0.0,0.0
SRCA_offshorewind_class3_moderate_fixed_1_3,21,0.0,0.0,0.0
SRCA_offshorewind_class3_moderate_fixed_0_1,21,0.0,0.0,0.0
SRCA_offshorewind_class3_moderate_fixed_0_2,21,0.0,0.0,0.0
SRCA_offshorewind_class3_moderate_fixed_0_3,21,0.0,0.0,0.0
SRCA_offshorewind_class12_moderate_floating_0_1,21,0.0,0.0,0.0
SRCA_offshorewind_class12_moderate_floating_0_2,21,0.0,0.0,0.0
SRCA_offshorewind_class12_moderate_floating_0_3,21,0.0,0.0,0.0
SRCE_naturalgas_ccccsavgcf_conservative_0,22,0.0,0.0,0.0
SRCE_naturalgas_ccavgcf_moderate_0,22,0.0,0.0,0.0
SRCE_naturalgas_ctavgcf_moderate_0,22,0.0,0.0,0.0
SRCE_battery_moderate_0,22,0.0,0.0,0.0
SRCE_nuclear_nuclear_moderate_0,22,0.0,0.0,0.0
SRCE_hydrogen_ctavgcf_moderate_0,22,0.0,0.0,0.0
SRCE_hydrogen_ccavgcf_moderate_0,22,0.0,0.0,0.0
SRCE_utilitypv_class1_moderate_0,22,7.149962751749524e6,3688.0,0.22192194066904702
SRCE_utilitypv_class1_moderate_1,22,3.493099546708732e7,16665.7,0.2399245987798015
SRCE_utilitypv_class1_moderate_2,22,0.0,0.0,0.0
SRCE_utilitypv_class1_moderate_3,22,0.0,0.0,0.0
SRCE_utilitypv_class1_moderate_4,22,0.0,0.0,0.0
SRCE_utilitypv_class1_moderate_5,22,0.0,0.0,0.0
SRCE_utilitypv_class1_moderate_6,22,0.0,0.0,0.0
SRCE_utilitypv_class1_moderate_7,22,0.0,0.0,0.0
SRCE_utilitypv_class1_moderate_8,22,0.0,0.0,0.0
SRCE_utilitypv_class1_moderate_9,22,0.0,0.0,0.0
SRCE_landbasedwind_class3_moderate_0,22,2.3674843774799407e7,7803.0,0.34730648255530605
SRCE_landbasedwind_class3_moderate_1,22,6.851246817238524e6,2245.0,0.3493338277796061
SRCE_landbasedwind_class3_moderate_2,22,1.3330661788444577e7,4660.0,0.32745616256260357
SRCE_landbasedwind_class3_moderate_3,22,1.2050688488155517e6,398.0,0.34659010736361284
SRCE_landbasedwind_class3_moderate_4,22,1.3855789588918163e7,4668.0,0.3397721723571072
SRCE_landbasedwind_class3_moderate_5,22,7.351323955496055e6,2861.0,0.2941271253157618
SRCE_landbasedwind_class3_moderate_6,22,2.000844196087805e7,7024.8,0.3260368453269688
SRCE_landbasedwind_class3_moderate_7,22,1.224255858446765e6,564.0,0.24847371974424837
SRCE_landbasedwind_class3_moderate_8,22,2.0869450888283777e6,953.7,0.2504878206218495
SRCE_landbasedwind_class3_moderate_9,22,1.2768911108023295e7,4599.0,0.3178175157728412
SRCE_landbasedwind_class3_moderate_10,22,0.0,0.0,0.0
SRCE_landbasedwind_class3_moderate_11,22,4.961454986417205e6,1819.0,0.31222216515039186
SRCE_landbasedwind_class3_moderate_12,22,0.0,0.0,0.0
SRCE_landbasedwind_class3_moderate_13,22,0.0,0.0,0.0
SRCE_landbasedwind_class3_moderate_14,22,0.0,0.0,0.0
SRCE_landbasedwind_class3_moderate_15,22,0.0,0.0,0.0
SRCE_landbasedwind_class3_moderate_16,22,0.0,0.0,0.0
SRCE_landbasedwind_class3_moderate_17,22,0.0,0.0,0.0
SRCE_landbasedwind_class3_moderate_18,22,0.0,0.0,0.0
SRCE_landbasedwind_class3_moderate_19,22,0.0,0.0,0.0
SRCE_landbasedwind_class3_moderate_20,22,0.0,0.0,0.0
SRCE_landbasedwind_class3_moderate_21,22,0.0,0.0,0.0
SRCE_landbasedwind_class3_moderate_22,22,0.0,0.0,0.0
SRCE_landbasedwind_class3_moderate_23,22,0.0,0.0,0.0
SRSE_naturalgas_ccccsavgcf_conservative_0,23,2.215028219073696e7,3581.0,0.7080473750456776
SRSE_naturalgas_ccavgcf_moderate_0,23,0.0,0.0,0.0
SRSE_naturalgas_ctavgcf_moderate_0,23,0.0,0.0,0.0
SRSE_battery_moderate_0,23,0.0,0.0,0.0
SRSE_nuclear_nuclear_moderate_0,23,0.0,0.0,0.0
SRSE_hydrogen_ctavgcf_moderate_0,23,0.0,0.0,0.0
SRSE_hydrogen_ccavgcf_moderate_0,23,0.0,0.0,0.0
SRSE_utilitypv_class1_moderate_0,23,3.935635736947254e7,18502.0,0.24349138134873788
SRSE_utilitypv_class1_moderate_1,23,1.4739576524558654e7,7540.0,0.22376957394140065
SRSE_utilitypv_class1_moderate_2,23,0.0,0.0,0.0
SRSE_utilitypv_class1_moderate_3,23,0.0,0.0,0.0
SRSE_utilitypv_class1_moderate_4,23,0.0,0.0,0.0
SRSE_utilitypv_class1_moderate_5,23,0.0,0.0,0.0
SRSE_utilitypv_class1_moderate_6,23,0.0,0.0,0.0
SRSE_utilitypv_class1_moderate_7,23,0.0,0.0,0.0
SRSE_utilitypv_class1_moderate_8,23,0.0,0.0,0.0
SRSE_utilitypv_class1_moderate_9,23,0.0,0.0,0.0
SRSE_landbasedwind_class3_moderate_0,23,0.0,0.0,0.0
SRSE_landbasedwind_class3_moderate_1,23,3.5252710137636974e6,1205.0,0.33488279658965403
SRSE_landbasedwind_class3_moderate_2,23,9.065205763806887e6,3724.0,0.27864763962394723
SRSE_landbasedwind_class3_moderate_3,23,3.5672587729070727e6,1386.0,0.2946176486300631
SRSE_landbasedwind_class3_moderate_4,23,1.2221521994852712e7,4783.7,0.29244805168217936
SRSE_landbasedwind_class3_moderate_5,23,5.959539724718699e6,2544.0,0.2681532016688831
SRSE_landbasedwind_class3_moderate_6,23,3.021924878231753e6,1104.6,0.31315979478671047
SRSE_landbasedwind_class3_moderate_7,23,0.0,0.0,0.0
SRSE_landbasedwind_class3_moderate_8,23,9.388619806322554e6,3791.0,0.2834884326456431
SRSE_landbasedwind_class3_moderate_9,23,1.1465814108378452e6,566.6,0.2316411438752501
SRSE_landbasedwind_class3_moderate_10,23,0.0,0.0,0.0
SRSE_landbasedwind_class3_moderate_11,23,0.0,0.0,0.0
SRSE_landbasedwind_class3_moderate_12,23,0.0,0.0,0.0
SRSE_landbasedwind_class3_moderate_13,23,0.0,0.0,0.0
SRSE_landbasedwind_class3_moderate_14,23,0.0,0.0,0.0
SRSE_landbasedwind_class3_moderate_15,23,0.0,0.0,0.0
SRSE_landbasedwind_class3_moderate_16,23,0.0,0.0,0.0
SRSE_landbasedwind_class3_moderate_17,23,0.0,0.0,0.0
SRSE_landbasedwind_class3_moderate_18,23,0.0,0.0,0.0
SRSE_landbasedwind_class3_moderate_19,23,0.0,0.0,0.0
SRSE_landbasedwind_class3_moderate_20,23,0.0,0.0,0.0
SRSE_landbasedwind_class3_moderate_21,23,0.0,0.0,0.0
SRSE_landbasedwind_class3_moderate_22,23,0.0,0.0,0.0
SRSE_landbasedwind_class3_moderate_23,23,0.0,0.0,0.0
SRSE_offshorewind_class3_moderate_fixed_0_1,23,0.0,0.0,0.0
SRSE_offshorewind_class3_moderate_fixed_0_2,23,0.0,0.0,0.0
SRSE_offshorewind_class3_moderate_fixed_0_3,23,0.0,0.0,0.0
SRSG_naturalgas_ccccsavgcf_conservative_0,24,0.0,0.0,0.0
SRSG_naturalgas_ccavgcf_moderate_0,24,0.0,0.0,0.0
SRSG_naturalgas_ctavgcf_moderate_0,24,0.0,0.0,0.0
SRSG_battery_moderate_0,24,0.0,0.0,0.0
SRSG_nuclear_nuclear_moderate_0,24,0.0,0.0,0.0
SRSG_hydrogen_ctavgcf_moderate_0,24,0.0,0.0,0.0
SRSG_hydrogen_ccavgcf_moderate_0,24,0.0,0.0,0.0
SRSG_landbasedwind_class3_moderate_0,24,1.9201497122825917e7,6320.0,0.34778062844178026
SRSG_landbasedwind_class3_moderate_1,24,1.735084545282085e7,6727.0,0.29524774439708085
SRSG_landbasedwind_class3_moderate_2,24,2.968739726250004e6,843.6,0.4028310400277922
SRSG_landbasedwind_class3_moderate_3,24,6.24604769940923e6,2788.9,0.25636558771190715
SRSG_landbasedwind_class3_moderate_4,24,0.0,0.0,0.0
SRSG_landbasedwind_class3_moderate_5,24,0.0,0.0,0.0
SRSG_landbasedwind_class3_moderate_6,24,4.706627230633846e6,2225.9,0.24204244331231975
SRSG_landbasedwind_class3_moderate_7,24,0.0,0.0,0.0
SRSG_landbasedwind_class3_moderate_8,24,0.0,0.0,0.0
SRSG_landbasedwind_class3_moderate_9,24,0.0,0.0,0.0
SRSG_landbasedwind_class3_moderate_10,24,0.0,0.0,0.0
SRSG_landbasedwind_class3_moderate_11,24,0.0,0.0,0.0
SRSG_landbasedwind_class3_moderate_12,24,0.0,0.0,0.0
SRSG_landbasedwind_class3_moderate_13,24,0.0,0.0,0.0
SRSG_landbasedwind_class3_moderate_14,24,0.0,0.0,0.0
SRSG_landbasedwind_class3_moderate_15,24,0.0,0.0,0.0
SRSG_landbasedwind_class3_moderate_16,24,0.0,0.0,0.0
SRSG_landbasedwind_class3_moderate_17,24,0.0,0.0,0.0
SRSG_landbasedwind_class3_moderate_18,24,0.0,0.0,0.0
SRSG_landbasedwind_class3_moderate_19,24,0.0,0.0,0.0
SRSG_landbasedwind_class3_moderate_20,24,0.0,0.0,0.0
SRSG_landbasedwind_class3_moderate_21,24,0.0,0.0,0.0
SRSG_landbasedwind_class3_moderate_22,24,0.0,0.0,0.0
SRSG_landbasedwind_class3_moderate_23,24,0.0,0.0,0.0
SRSG_utilitypv_class1_moderate_0,24,0.0,0.0,0.0
SRSG_utilitypv_class1_moderate_1,24,1.6180299355737342e7,6302.0,0.29389725389043997
SRSG_utilitypv_class1_moderate_2,24,0.0,0.0,0.0
SRSG_utilitypv_class1_moderate_3,24,0.0,0.0,0.0
SRSG_utilitypv_class1_moderate_4,24,0.0,0.0,0.0
SRSG_utilitypv_class1_moderate_5,24,0.0,0.0,0.0
SRSG_utilitypv_class1_moderate_6,24,0.0,0.0,0.0
SRSG_utilitypv_class1_moderate_7,24,0.0,0.0,0.0
SRSG_utilitypv_class1_moderate_8,24,0.0,0.0,0.0
SRSG_utilitypv_class1_moderate_9,24,0.0,0.0,0.0
TRE_naturalgas_ccccsavgcf_conservative_0,25,1.6806476773049515e7,3556.0,0.5410062744469414
TRE_naturalgas_ccavgcf_moderate_0,25,0.0,0.0,0.0
TRE_naturalgas_ctavgcf_moderate_0,25,0.0,0.0,0.0
TRE_battery_moderate_0,25,0.0,0.0,0.0
TRE_nuclear_nuclear_moderate_0,25,0.0,0.0,0.0
TRE_hydrogen_ctavgcf_moderate_0,25,0.0,0.0,0.0
TRE_hydrogen_ccavgcf_moderate_0,25,0.0,0.0,0.0
TRE_landbasedwind_class3_moderate_0,25,8.849956981862606e7,20127.0,0.5033261421533818
TRE_landbasedwind_class3_moderate_1,25,4.80118627310049e6,1750.0,0.31404933759160714
TRE_landbasedwind_class3_moderate_2,25,2.6297267670536134e7,6142.0,0.49010393501791794
TRE_landbasedwind_class3_moderate_3,25,1.8098994769319676e7,4943.0,0.41913238504388856
TRE_landbasedwind_class3_moderate_4,25,0.0,0.0,0.0
TRE_landbasedwind_class3_moderate_5,25,0.0,0.0,0.0
TRE_landbasedwind_class3_moderate_6,25,0.0,0.0,0.0
TRE_landbasedwind_class3_moderate_7,25,6.137564232093055e6,2130.6,0.32974749284352306
TRE_landbasedwind_class3_moderate_8,25,1.542916922516898e7,4850.6,0.3641115492728822
TRE_landbasedwind_class3_moderate_9,25,0.0,0.0,0.0
TRE_landbasedwind_class3_moderate_10,25,0.0,0.0,0.0
TRE_landbasedwind_class3_moderate_11,25,0.0,0.0,0.0
TRE_landbasedwind_class3_moderate_12,25,0.0,0.0,0.0
TRE_landbasedwind_class3_moderate_13,25,0.0,0.0,0.0
TRE_landbasedwind_class3_moderate_14,25,7.602773948717445e6,2808.0,0.3099290956991278
TRE_landbasedwind_class3_moderate_15,25,0.0,0.0,0.0
TRE_landbasedwind_class3_moderate_16,25,0.0,0.0,0.0
TRE_landbasedwind_class3_moderate_17,25,0.0,0.0,0.0
TRE_landbasedwind_class3_moderate_18,25,0.0,0.0,0.0
TRE_landbasedwind_class3_moderate_19,25,668433.7767019536,373.0,0.20513366056757948
TRE_landbasedwind_class3_moderate_20,25,0.0,0.0,0.0
TRE_landbasedwind_class3_moderate_21,25,0.0,0.0,0.0
TRE_landbasedwind_class3_moderate_22,25,0.0,0.0,0.0
TRE_landbasedwind_class3_moderate_23,25,0.0,0.0,0.0
TRE_utilitypv_class1_moderate_0,25,1.7724526308480565e7,8676.0,0.23385274317430665
TRE_utilitypv_class1_moderate_1,25,2.3820324705280975e7,11395.0,0.23928789120606864
TRE_utilitypv_class1_moderate_2,25,0.0,0.0,0.0
TRE_utilitypv_class1_moderate_3,25,4.876361752118601e6,2661.0,0.20976760334626782
TRE_utilitypv_class1_moderate_4,25,0.0,0.0,0.0
TRE_utilitypv_class1_moderate_5,25,0.0,0.0,0.0
TRE_utilitypv_class1_moderate_6,25,0.0,0.0,0.0
TRE_utilitypv_class1_moderate_7,25,0.0,0.0,0.0
TRE_utilitypv_class1_moderate_8,25,0.0,0.0,0.0
TRE_utilitypv_class1_moderate_9,25,0.0,0.0,0.0
TRE_offshorewind_class3_moderate_fixed_0_1,25,0.0,0.0,0.0
TRE_offshorewind_class3_moderate_fixed_0_2,25,0.0,0.0,0.0
TRE_offshorewind_class3_moderate_fixed_0_3,25,0.0,0.0,0.0
TRE_offshorewind_class12_moderate_floating_0_1,25,0.0,0.0,0.0
TRE_offshorewind_class12_moderate_floating_0_2,25,0.0,0.0,0.0
TRE_offshorewind_class12_moderate_floating_0_3,25,0.0,0.0,0.0
TRE_WEST_naturalgas_ccccsavgcf_conservative_0,26,0.0,0.0,0.0
TRE_WEST_naturalgas_ccavgcf_moderate_0,26,0.0,0.0,0.0
TRE_WEST_naturalgas_ctavgcf_moderate_0,26,0.0,0.0,0.0
TRE_WEST_battery_moderate_0,26,0.0,0.0,0.0
TRE_WEST_nuclear_nuclear_moderate_0,26,0.0,0.0,0.0
TRE_WEST_hydrogen_ctavgcf_moderate_0,26,0.0,0.0,0.0
TRE_WEST_hydrogen_ccavgcf_moderate_0,26,0.0,0.0,0.0
TRE_WEST_landbasedwind_class3_moderate_0,26,1.2162239340147896e7,4457.0,0.3123620656641869
TRE_WEST_landbasedwind_class3_moderate_1,26,0.0,0.0,0.0
TRE_WEST_landbasedwind_class3_moderate_2,26,0.0,0.0,0.0
TRE_WEST_landbasedwind_class3_moderate_3,26,0.0,0.0,0.0
TRE_WEST_landbasedwind_class3_moderate_4,26,0.0,0.0,0.0
TRE_WEST_landbasedwind_class3_moderate_5,26,0.0,0.0,0.0
TRE_WEST_landbasedwind_class3_moderate_6,26,0.0,0.0,0.0
TRE_WEST_landbasedwind_class3_moderate_7,26,0.0,0.0,0.0
TRE_WEST_landbasedwind_class3_moderate_8,26,0.0,0.0,0.0
TRE_WEST_landbasedwind_class3_moderate_9,26,0.0,0.0,0.0
TRE_WEST_landbasedwind_class3_moderate_10,26,0.0,0.0,0.0
TRE_WEST_landbasedwind_class3_moderate_11,26,0.0,0.0,0.0
TRE_WEST_landbasedwind_class3_moderate_12,26,0.0,0.0,0.0
TRE_WEST_landbasedwind_class3_moderate_13,26,0.0,0.0,0.0
TRE_WEST_landbasedwind_class3_moderate_14,26,0.0,0.0,0.0
TRE_WEST_landbasedwind_class3_moderate_15,26,0.0,0.0,0.0
TRE_WEST_landbasedwind_class3_moderate_16,26,6.83973132528962e6,3104.0,0.2522346256694666
TRE_WEST_landbasedwind_class3_moderate_17,26,0.0,0.0,0.0
TRE_WEST_landbasedwind_class3_moderate_18,26,0.0,0.0,0.0
TRE_WEST_landbasedwind_class3_moderate_19,26,0.0,0.0,0.0
TRE_WEST_landbasedwind_class3_moderate_20,26,0.0,0.0,0.0
TRE_WEST_landbasedwind_class3_moderate_21,26,0.0,0.0,0.0
TRE_WEST_landbasedwind_class3_moderate_22,26,0.0,0.0,0.0
TRE_WEST_landbasedwind_class3_moderate_23,26,0.0,0.0,0.0
TRE_WEST_utilitypv_class1_moderate_0,26,0.0,0.0,0.0
TRE_WEST_utilitypv_class1_moderate_1,26,0.0,0.0,0.0
TRE_WEST_utilitypv_class1_moderate_2,26,0.0,0.0,0.0
TRE_WEST_utilitypv_class1_moderate_3,26,0.0,0.0,0.0
TRE_WEST_utilitypv_class1_moderate_4,26,0.0,0.0,0.0
TRE_WEST_utilitypv_class1_moderate_5,26,0.0,0.0,0.0
TRE_WEST_utilitypv_class1_moderate_6,26,0.0,0.0,0.0
TRE_WEST_utilitypv_class1_moderate_7,26,0.0,0.0,0.0
TRE_WEST_utilitypv_class1_moderate_8,26,0.0,0.0,0.0
TRE_WEST_utilitypv_class1_moderate_9,26,0.0,0.0,0.0
