timestamp,time_row,timeseries,time_column
2050_p11_0,2050,2050_p11,2012p11
2050_p11_1,2050,2050_p11,2012p11
2050_p11_2,2050,2050_p11,2012p11
2050_p11_3,2050,2050_p11,2012p11
2050_p11_4,2050,2050_p11,2012p11
2050_p11_5,2050,2050_p11,2012p11
2050_p11_6,2050,2050_p11,2012p11
2050_p11_7,2050,2050_p11,2012p11
2050_p11_8,2050,2050_p11,2012p11
2050_p11_9,2050,2050_p11,2012p11
2050_p11_10,2050,2050_p11,2012p11
2050_p11_11,2050,2050_p11,2012p11
2050_p11_12,2050,2050_p11,2012p11
2050_p11_13,2050,2050_p11,2012p11
2050_p11_14,2050,2050_p11,2012p11
2050_p11_15,2050,2050_p11,2012p11
2050_p11_16,2050,2050_p11,2012p11
2050_p11_17,2050,2050_p11,2012p11
2050_p11_18,2050,2050_p11,2012p11
2050_p11_19,2050,2050_p11,2012p11
2050_p11_20,2050,2050_p11,2012p11
2050_p11_21,2050,2050_p11,2012p11
2050_p11_22,2050,2050_p11,2012p11
2050_p11_23,2050,2050_p11,2012p11
2050_p11_24,2050,2050_p11,2012p11
2050_p11_25,2050,2050_p11,2012p11
2050_p11_26,2050,2050_p11,2012p11
2050_p11_27,2050,2050_p11,2012p11
2050_p11_28,2050,2050_p11,2012p11
2050_p11_29,2050,2050_p11,2012p11
2050_p11_30,2050,2050_p11,2012p11
2050_p11_31,2050,2050_p11,2012p11
2050_p11_32,2050,2050_p11,2012p11
2050_p11_33,2050,2050_p11,2012p11
2050_p11_34,2050,2050_p11,2012p11
2050_p11_35,2050,2050_p11,2012p11
2050_p11_36,2050,2050_p11,2012p11
2050_p11_37,2050,2050_p11,2012p11
2050_p11_38,2050,2050_p11,2012p11
2050_p11_39,2050,2050_p11,2012p11
2050_p11_40,2050,2050_p11,2012p11
2050_p11_41,2050,2050_p11,2012p11
2050_p11_42,2050,2050_p11,2012p11
2050_p11_43,2050,2050_p11,2012p11
2050_p11_44,2050,2050_p11,2012p11
2050_p11_45,2050,2050_p11,2012p11
2050_p11_46,2050,2050_p11,2012p11
2050_p11_47,2050,2050_p11,2012p11
2050_p11_48,2050,2050_p11,2012p11
2050_p11_49,2050,2050_p11,2012p11
2050_p11_50,2050,2050_p11,2012p11
2050_p11_51,2050,2050_p11,2012p11
2050_p11_52,2050,2050_p11,2012p11
2050_p11_53,2050,2050_p11,2012p11
2050_p11_54,2050,2050_p11,2012p11
2050_p11_55,2050,2050_p11,2012p11
2050_p11_56,2050,2050_p11,2012p11
2050_p11_57,2050,2050_p11,2012p11
2050_p11_58,2050,2050_p11,2012p11
2050_p11_59,2050,2050_p11,2012p11
2050_p11_60,2050,2050_p11,2012p11
2050_p11_61,2050,2050_p11,2012p11
2050_p11_62,2050,2050_p11,2012p11
2050_p11_63,2050,2050_p11,2012p11
2050_p11_64,2050,2050_p11,2012p11
2050_p11_65,2050,2050_p11,2012p11
2050_p11_66,2050,2050_p11,2012p11
2050_p11_67,2050,2050_p11,2012p11
2050_p11_68,2050,2050_p11,2012p11
2050_p11_69,2050,2050_p11,2012p11
2050_p11_70,2050,2050_p11,2012p11
2050_p11_71,2050,2050_p11,2012p11
2050_p11_72,2050,2050_p11,2012p11
2050_p11_73,2050,2050_p11,2012p11
2050_p11_74,2050,2050_p11,2012p11
2050_p11_75,2050,2050_p11,2012p11
2050_p11_76,2050,2050_p11,2012p11
2050_p11_77,2050,2050_p11,2012p11
2050_p11_78,2050,2050_p11,2012p11
2050_p11_79,2050,2050_p11,2012p11
2050_p11_80,2050,2050_p11,2012p11
2050_p11_81,2050,2050_p11,2012p11
2050_p11_82,2050,2050_p11,2012p11
2050_p11_83,2050,2050_p11,2012p11
2050_p11_84,2050,2050_p11,2012p11
2050_p11_85,2050,2050_p11,2012p11
2050_p11_86,2050,2050_p11,2012p11
2050_p11_87,2050,2050_p11,2012p11
2050_p11_88,2050,2050_p11,2012p11
2050_p11_89,2050,2050_p11,2012p11
2050_p11_90,2050,2050_p11,2012p11
2050_p11_91,2050,2050_p11,2012p11
2050_p11_92,2050,2050_p11,2012p11
2050_p11_93,2050,2050_p11,2012p11
2050_p11_94,2050,2050_p11,2012p11
2050_p11_95,2050,2050_p11,2012p11
2050_p11_96,2050,2050_p11,2012p11
2050_p11_97,2050,2050_p11,2012p11
2050_p11_98,2050,2050_p11,2012p11
2050_p11_99,2050,2050_p11,2012p11
2050_p11_100,2050,2050_p11,2012p11
2050_p11_101,2050,2050_p11,2012p11
2050_p11_102,2050,2050_p11,2012p11
2050_p11_103,2050,2050_p11,2012p11
2050_p11_104,2050,2050_p11,2012p11
2050_p11_105,2050,2050_p11,2012p11
2050_p11_106,2050,2050_p11,2012p11
2050_p11_107,2050,2050_p11,2012p11
2050_p11_108,2050,2050_p11,2012p11
2050_p11_109,2050,2050_p11,2012p11
2050_p11_110,2050,2050_p11,2012p11
2050_p11_111,2050,2050_p11,2012p11
2050_p11_112,2050,2050_p11,2012p11
2050_p11_113,2050,2050_p11,2012p11
2050_p11_114,2050,2050_p11,2012p11
2050_p11_115,2050,2050_p11,2012p11
2050_p11_116,2050,2050_p11,2012p11
2050_p11_117,2050,2050_p11,2012p11
2050_p11_118,2050,2050_p11,2012p11
2050_p11_119,2050,2050_p11,2012p11
2050_p11_120,2050,2050_p11,2012p11
2050_p11_121,2050,2050_p11,2012p11
2050_p11_122,2050,2050_p11,2012p11
2050_p11_123,2050,2050_p11,2012p11
2050_p11_124,2050,2050_p11,2012p11
2050_p11_125,2050,2050_p11,2012p11
2050_p11_126,2050,2050_p11,2012p11
2050_p11_127,2050,2050_p11,2012p11
2050_p11_128,2050,2050_p11,2012p11
2050_p11_129,2050,2050_p11,2012p11
2050_p11_130,2050,2050_p11,2012p11
2050_p11_131,2050,2050_p11,2012p11
2050_p11_132,2050,2050_p11,2012p11
2050_p11_133,2050,2050_p11,2012p11
2050_p11_134,2050,2050_p11,2012p11
2050_p11_135,2050,2050_p11,2012p11
2050_p11_136,2050,2050_p11,2012p11
2050_p11_137,2050,2050_p11,2012p11
2050_p11_138,2050,2050_p11,2012p11
2050_p11_139,2050,2050_p11,2012p11
2050_p11_140,2050,2050_p11,2012p11
2050_p11_141,2050,2050_p11,2012p11
2050_p11_142,2050,2050_p11,2012p11
2050_p11_143,2050,2050_p11,2012p11
2050_p11_144,2050,2050_p11,2012p11
2050_p11_145,2050,2050_p11,2012p11
2050_p11_146,2050,2050_p11,2012p11
2050_p11_147,2050,2050_p11,2012p11
2050_p11_148,2050,2050_p11,2012p11
2050_p11_149,2050,2050_p11,2012p11
2050_p11_150,2050,2050_p11,2012p11
2050_p11_151,2050,2050_p11,2012p11
2050_p11_152,2050,2050_p11,2012p11
2050_p11_153,2050,2050_p11,2012p11
2050_p11_154,2050,2050_p11,2012p11
2050_p11_155,2050,2050_p11,2012p11
2050_p11_156,2050,2050_p11,2012p11
2050_p11_157,2050,2050_p11,2012p11
2050_p11_158,2050,2050_p11,2012p11
2050_p11_159,2050,2050_p11,2012p11
2050_p11_160,2050,2050_p11,2012p11
2050_p11_161,2050,2050_p11,2012p11
2050_p11_162,2050,2050_p11,2012p11
2050_p11_163,2050,2050_p11,2012p11
2050_p11_164,2050,2050_p11,2012p11
2050_p11_165,2050,2050_p11,2012p11
2050_p11_166,2050,2050_p11,2012p11
2050_p11_167,2050,2050_p11,2012p11
2050_p42_0,2050,2050_p42,2012p42
2050_p42_1,2050,2050_p42,2012p42
2050_p42_2,2050,2050_p42,2012p42
2050_p42_3,2050,2050_p42,2012p42
2050_p42_4,2050,2050_p42,2012p42
2050_p42_5,2050,2050_p42,2012p42
2050_p42_6,2050,2050_p42,2012p42
2050_p42_7,2050,2050_p42,2012p42
2050_p42_8,2050,2050_p42,2012p42
2050_p42_9,2050,2050_p42,2012p42
2050_p42_10,2050,2050_p42,2012p42
2050_p42_11,2050,2050_p42,2012p42
2050_p42_12,2050,2050_p42,2012p42
2050_p42_13,2050,2050_p42,2012p42
2050_p42_14,2050,2050_p42,2012p42
2050_p42_15,2050,2050_p42,2012p42
2050_p42_16,2050,2050_p42,2012p42
2050_p42_17,2050,2050_p42,2012p42
2050_p42_18,2050,2050_p42,2012p42
2050_p42_19,2050,2050_p42,2012p42
2050_p42_20,2050,2050_p42,2012p42
2050_p42_21,2050,2050_p42,2012p42
2050_p42_22,2050,2050_p42,2012p42
2050_p42_23,2050,2050_p42,2012p42
2050_p42_24,2050,2050_p42,2012p42
2050_p42_25,2050,2050_p42,2012p42
2050_p42_26,2050,2050_p42,2012p42
2050_p42_27,2050,2050_p42,2012p42
2050_p42_28,2050,2050_p42,2012p42
2050_p42_29,2050,2050_p42,2012p42
2050_p42_30,2050,2050_p42,2012p42
2050_p42_31,2050,2050_p42,2012p42
2050_p42_32,2050,2050_p42,2012p42
2050_p42_33,2050,2050_p42,2012p42
2050_p42_34,2050,2050_p42,2012p42
2050_p42_35,2050,2050_p42,2012p42
2050_p42_36,2050,2050_p42,2012p42
2050_p42_37,2050,2050_p42,2012p42
2050_p42_38,2050,2050_p42,2012p42
2050_p42_39,2050,2050_p42,2012p42
2050_p42_40,2050,2050_p42,2012p42
2050_p42_41,2050,2050_p42,2012p42
2050_p42_42,2050,2050_p42,2012p42
2050_p42_43,2050,2050_p42,2012p42
2050_p42_44,2050,2050_p42,2012p42
2050_p42_45,2050,2050_p42,2012p42
2050_p42_46,2050,2050_p42,2012p42
2050_p42_47,2050,2050_p42,2012p42
2050_p42_48,2050,2050_p42,2012p42
2050_p42_49,2050,2050_p42,2012p42
2050_p42_50,2050,2050_p42,2012p42
2050_p42_51,2050,2050_p42,2012p42
2050_p42_52,2050,2050_p42,2012p42
2050_p42_53,2050,2050_p42,2012p42
2050_p42_54,2050,2050_p42,2012p42
2050_p42_55,2050,2050_p42,2012p42
2050_p42_56,2050,2050_p42,2012p42
2050_p42_57,2050,2050_p42,2012p42
2050_p42_58,2050,2050_p42,2012p42
2050_p42_59,2050,2050_p42,2012p42
2050_p42_60,2050,2050_p42,2012p42
2050_p42_61,2050,2050_p42,2012p42
2050_p42_62,2050,2050_p42,2012p42
2050_p42_63,2050,2050_p42,2012p42
2050_p42_64,2050,2050_p42,2012p42
2050_p42_65,2050,2050_p42,2012p42
2050_p42_66,2050,2050_p42,2012p42
2050_p42_67,2050,2050_p42,2012p42
2050_p42_68,2050,2050_p42,2012p42
2050_p42_69,2050,2050_p42,2012p42
2050_p42_70,2050,2050_p42,2012p42
2050_p42_71,2050,2050_p42,2012p42
2050_p42_72,2050,2050_p42,2012p42
2050_p42_73,2050,2050_p42,2012p42
2050_p42_74,2050,2050_p42,2012p42
2050_p42_75,2050,2050_p42,2012p42
2050_p42_76,2050,2050_p42,2012p42
2050_p42_77,2050,2050_p42,2012p42
2050_p42_78,2050,2050_p42,2012p42
2050_p42_79,2050,2050_p42,2012p42
2050_p42_80,2050,2050_p42,2012p42
2050_p42_81,2050,2050_p42,2012p42
2050_p42_82,2050,2050_p42,2012p42
2050_p42_83,2050,2050_p42,2012p42
2050_p42_84,2050,2050_p42,2012p42
2050_p42_85,2050,2050_p42,2012p42
2050_p42_86,2050,2050_p42,2012p42
2050_p42_87,2050,2050_p42,2012p42
2050_p42_88,2050,2050_p42,2012p42
2050_p42_89,2050,2050_p42,2012p42
2050_p42_90,2050,2050_p42,2012p42
2050_p42_91,2050,2050_p42,2012p42
2050_p42_92,2050,2050_p42,2012p42
2050_p42_93,2050,2050_p42,2012p42
2050_p42_94,2050,2050_p42,2012p42
2050_p42_95,2050,2050_p42,2012p42
2050_p42_96,2050,2050_p42,2012p42
2050_p42_97,2050,2050_p42,2012p42
2050_p42_98,2050,2050_p42,2012p42
2050_p42_99,2050,2050_p42,2012p42
2050_p42_100,2050,2050_p42,2012p42
2050_p42_101,2050,2050_p42,2012p42
2050_p42_102,2050,2050_p42,2012p42
2050_p42_103,2050,2050_p42,2012p42
2050_p42_104,2050,2050_p42,2012p42
2050_p42_105,2050,2050_p42,2012p42
2050_p42_106,2050,2050_p42,2012p42
2050_p42_107,2050,2050_p42,2012p42
2050_p42_108,2050,2050_p42,2012p42
2050_p42_109,2050,2050_p42,2012p42
2050_p42_110,2050,2050_p42,2012p42
2050_p42_111,2050,2050_p42,2012p42
2050_p42_112,2050,2050_p42,2012p42
2050_p42_113,2050,2050_p42,2012p42
2050_p42_114,2050,2050_p42,2012p42
2050_p42_115,2050,2050_p42,2012p42
2050_p42_116,2050,2050_p42,2012p42
2050_p42_117,2050,2050_p42,2012p42
2050_p42_118,2050,2050_p42,2012p42
2050_p42_119,2050,2050_p42,2012p42
2050_p42_120,2050,2050_p42,2012p42
2050_p42_121,2050,2050_p42,2012p42
2050_p42_122,2050,2050_p42,2012p42
2050_p42_123,2050,2050_p42,2012p42
2050_p42_124,2050,2050_p42,2012p42
2050_p42_125,2050,2050_p42,2012p42
2050_p42_126,2050,2050_p42,2012p42
2050_p42_127,2050,2050_p42,2012p42
2050_p42_128,2050,2050_p42,2012p42
2050_p42_129,2050,2050_p42,2012p42
2050_p42_130,2050,2050_p42,2012p42
2050_p42_131,2050,2050_p42,2012p42
2050_p42_132,2050,2050_p42,2012p42
2050_p42_133,2050,2050_p42,2012p42
2050_p42_134,2050,2050_p42,2012p42
2050_p42_135,2050,2050_p42,2012p42
2050_p42_136,2050,2050_p42,2012p42
2050_p42_137,2050,2050_p42,2012p42
2050_p42_138,2050,2050_p42,2012p42
2050_p42_139,2050,2050_p42,2012p42
2050_p42_140,2050,2050_p42,2012p42
2050_p42_141,2050,2050_p42,2012p42
2050_p42_142,2050,2050_p42,2012p42
2050_p42_143,2050,2050_p42,2012p42
2050_p42_144,2050,2050_p42,2012p42
2050_p42_145,2050,2050_p42,2012p42
2050_p42_146,2050,2050_p42,2012p42
2050_p42_147,2050,2050_p42,2012p42
2050_p42_148,2050,2050_p42,2012p42
2050_p42_149,2050,2050_p42,2012p42
2050_p42_150,2050,2050_p42,2012p42
2050_p42_151,2050,2050_p42,2012p42
2050_p42_152,2050,2050_p42,2012p42
2050_p42_153,2050,2050_p42,2012p42
2050_p42_154,2050,2050_p42,2012p42
2050_p42_155,2050,2050_p42,2012p42
2050_p42_156,2050,2050_p42,2012p42
2050_p42_157,2050,2050_p42,2012p42
2050_p42_158,2050,2050_p42,2012p42
2050_p42_159,2050,2050_p42,2012p42
2050_p42_160,2050,2050_p42,2012p42
2050_p42_161,2050,2050_p42,2012p42
2050_p42_162,2050,2050_p42,2012p42
2050_p42_163,2050,2050_p42,2012p42
2050_p42_164,2050,2050_p42,2012p42
2050_p42_165,2050,2050_p42,2012p42
2050_p42_166,2050,2050_p42,2012p42
2050_p42_167,2050,2050_p42,2012p42
2050_p33_0,2050,2050_p33,2012p33
2050_p33_1,2050,2050_p33,2012p33
2050_p33_2,2050,2050_p33,2012p33
2050_p33_3,2050,2050_p33,2012p33
2050_p33_4,2050,2050_p33,2012p33
2050_p33_5,2050,2050_p33,2012p33
2050_p33_6,2050,2050_p33,2012p33
2050_p33_7,2050,2050_p33,2012p33
2050_p33_8,2050,2050_p33,2012p33
2050_p33_9,2050,2050_p33,2012p33
2050_p33_10,2050,2050_p33,2012p33
2050_p33_11,2050,2050_p33,2012p33
2050_p33_12,2050,2050_p33,2012p33
2050_p33_13,2050,2050_p33,2012p33
2050_p33_14,2050,2050_p33,2012p33
2050_p33_15,2050,2050_p33,2012p33
2050_p33_16,2050,2050_p33,2012p33
2050_p33_17,2050,2050_p33,2012p33
2050_p33_18,2050,2050_p33,2012p33
2050_p33_19,2050,2050_p33,2012p33
2050_p33_20,2050,2050_p33,2012p33
2050_p33_21,2050,2050_p33,2012p33
2050_p33_22,2050,2050_p33,2012p33
2050_p33_23,2050,2050_p33,2012p33
2050_p33_24,2050,2050_p33,2012p33
2050_p33_25,2050,2050_p33,2012p33
2050_p33_26,2050,2050_p33,2012p33
2050_p33_27,2050,2050_p33,2012p33
2050_p33_28,2050,2050_p33,2012p33
2050_p33_29,2050,2050_p33,2012p33
2050_p33_30,2050,2050_p33,2012p33
2050_p33_31,2050,2050_p33,2012p33
2050_p33_32,2050,2050_p33,2012p33
2050_p33_33,2050,2050_p33,2012p33
2050_p33_34,2050,2050_p33,2012p33
2050_p33_35,2050,2050_p33,2012p33
2050_p33_36,2050,2050_p33,2012p33
2050_p33_37,2050,2050_p33,2012p33
2050_p33_38,2050,2050_p33,2012p33
2050_p33_39,2050,2050_p33,2012p33
2050_p33_40,2050,2050_p33,2012p33
2050_p33_41,2050,2050_p33,2012p33
2050_p33_42,2050,2050_p33,2012p33
2050_p33_43,2050,2050_p33,2012p33
2050_p33_44,2050,2050_p33,2012p33
2050_p33_45,2050,2050_p33,2012p33
2050_p33_46,2050,2050_p33,2012p33
2050_p33_47,2050,2050_p33,2012p33
2050_p33_48,2050,2050_p33,2012p33
2050_p33_49,2050,2050_p33,2012p33
2050_p33_50,2050,2050_p33,2012p33
2050_p33_51,2050,2050_p33,2012p33
2050_p33_52,2050,2050_p33,2012p33
2050_p33_53,2050,2050_p33,2012p33
2050_p33_54,2050,2050_p33,2012p33
2050_p33_55,2050,2050_p33,2012p33
2050_p33_56,2050,2050_p33,2012p33
2050_p33_57,2050,2050_p33,2012p33
2050_p33_58,2050,2050_p33,2012p33
2050_p33_59,2050,2050_p33,2012p33
2050_p33_60,2050,2050_p33,2012p33
2050_p33_61,2050,2050_p33,2012p33
2050_p33_62,2050,2050_p33,2012p33
2050_p33_63,2050,2050_p33,2012p33
2050_p33_64,2050,2050_p33,2012p33
2050_p33_65,2050,2050_p33,2012p33
2050_p33_66,2050,2050_p33,2012p33
2050_p33_67,2050,2050_p33,2012p33
2050_p33_68,2050,2050_p33,2012p33
2050_p33_69,2050,2050_p33,2012p33
2050_p33_70,2050,2050_p33,2012p33
2050_p33_71,2050,2050_p33,2012p33
2050_p33_72,2050,2050_p33,2012p33
2050_p33_73,2050,2050_p33,2012p33
2050_p33_74,2050,2050_p33,2012p33
2050_p33_75,2050,2050_p33,2012p33
2050_p33_76,2050,2050_p33,2012p33
2050_p33_77,2050,2050_p33,2012p33
2050_p33_78,2050,2050_p33,2012p33
2050_p33_79,2050,2050_p33,2012p33
2050_p33_80,2050,2050_p33,2012p33
2050_p33_81,2050,2050_p33,2012p33
2050_p33_82,2050,2050_p33,2012p33
2050_p33_83,2050,2050_p33,2012p33
2050_p33_84,2050,2050_p33,2012p33
2050_p33_85,2050,2050_p33,2012p33
2050_p33_86,2050,2050_p33,2012p33
2050_p33_87,2050,2050_p33,2012p33
2050_p33_88,2050,2050_p33,2012p33
2050_p33_89,2050,2050_p33,2012p33
2050_p33_90,2050,2050_p33,2012p33
2050_p33_91,2050,2050_p33,2012p33
2050_p33_92,2050,2050_p33,2012p33
2050_p33_93,2050,2050_p33,2012p33
2050_p33_94,2050,2050_p33,2012p33
2050_p33_95,2050,2050_p33,2012p33
2050_p33_96,2050,2050_p33,2012p33
2050_p33_97,2050,2050_p33,2012p33
2050_p33_98,2050,2050_p33,2012p33
2050_p33_99,2050,2050_p33,2012p33
2050_p33_100,2050,2050_p33,2012p33
2050_p33_101,2050,2050_p33,2012p33
2050_p33_102,2050,2050_p33,2012p33
2050_p33_103,2050,2050_p33,2012p33
2050_p33_104,2050,2050_p33,2012p33
2050_p33_105,2050,2050_p33,2012p33
2050_p33_106,2050,2050_p33,2012p33
2050_p33_107,2050,2050_p33,2012p33
2050_p33_108,2050,2050_p33,2012p33
2050_p33_109,2050,2050_p33,2012p33
2050_p33_110,2050,2050_p33,2012p33
2050_p33_111,2050,2050_p33,2012p33
2050_p33_112,2050,2050_p33,2012p33
2050_p33_113,2050,2050_p33,2012p33
2050_p33_114,2050,2050_p33,2012p33
2050_p33_115,2050,2050_p33,2012p33
2050_p33_116,2050,2050_p33,2012p33
2050_p33_117,2050,2050_p33,2012p33
2050_p33_118,2050,2050_p33,2012p33
2050_p33_119,2050,2050_p33,2012p33
2050_p33_120,2050,2050_p33,2012p33
2050_p33_121,2050,2050_p33,2012p33
2050_p33_122,2050,2050_p33,2012p33
2050_p33_123,2050,2050_p33,2012p33
2050_p33_124,2050,2050_p33,2012p33
2050_p33_125,2050,2050_p33,2012p33
2050_p33_126,2050,2050_p33,2012p33
2050_p33_127,2050,2050_p33,2012p33
2050_p33_128,2050,2050_p33,2012p33
2050_p33_129,2050,2050_p33,2012p33
2050_p33_130,2050,2050_p33,2012p33
2050_p33_131,2050,2050_p33,2012p33
2050_p33_132,2050,2050_p33,2012p33
2050_p33_133,2050,2050_p33,2012p33
2050_p33_134,2050,2050_p33,2012p33
2050_p33_135,2050,2050_p33,2012p33
2050_p33_136,2050,2050_p33,2012p33
2050_p33_137,2050,2050_p33,2012p33
2050_p33_138,2050,2050_p33,2012p33
2050_p33_139,2050,2050_p33,2012p33
2050_p33_140,2050,2050_p33,2012p33
2050_p33_141,2050,2050_p33,2012p33
2050_p33_142,2050,2050_p33,2012p33
2050_p33_143,2050,2050_p33,2012p33
2050_p33_144,2050,2050_p33,2012p33
2050_p33_145,2050,2050_p33,2012p33
2050_p33_146,2050,2050_p33,2012p33
2050_p33_147,2050,2050_p33,2012p33
2050_p33_148,2050,2050_p33,2012p33
2050_p33_149,2050,2050_p33,2012p33
2050_p33_150,2050,2050_p33,2012p33
2050_p33_151,2050,2050_p33,2012p33
2050_p33_152,2050,2050_p33,2012p33
2050_p33_153,2050,2050_p33,2012p33
2050_p33_154,2050,2050_p33,2012p33
2050_p33_155,2050,2050_p33,2012p33
2050_p33_156,2050,2050_p33,2012p33
2050_p33_157,2050,2050_p33,2012p33
2050_p33_158,2050,2050_p33,2012p33
2050_p33_159,2050,2050_p33,2012p33
2050_p33_160,2050,2050_p33,2012p33
2050_p33_161,2050,2050_p33,2012p33
2050_p33_162,2050,2050_p33,2012p33
2050_p33_163,2050,2050_p33,2012p33
2050_p33_164,2050,2050_p33,2012p33
2050_p33_165,2050,2050_p33,2012p33
2050_p33_166,2050,2050_p33,2012p33
2050_p33_167,2050,2050_p33,2012p33
2050_p16_0,2050,2050_p16,2012p16
2050_p16_1,2050,2050_p16,2012p16
2050_p16_2,2050,2050_p16,2012p16
2050_p16_3,2050,2050_p16,2012p16
2050_p16_4,2050,2050_p16,2012p16
2050_p16_5,2050,2050_p16,2012p16
2050_p16_6,2050,2050_p16,2012p16
2050_p16_7,2050,2050_p16,2012p16
2050_p16_8,2050,2050_p16,2012p16
2050_p16_9,2050,2050_p16,2012p16
2050_p16_10,2050,2050_p16,2012p16
2050_p16_11,2050,2050_p16,2012p16
2050_p16_12,2050,2050_p16,2012p16
2050_p16_13,2050,2050_p16,2012p16
2050_p16_14,2050,2050_p16,2012p16
2050_p16_15,2050,2050_p16,2012p16
2050_p16_16,2050,2050_p16,2012p16
2050_p16_17,2050,2050_p16,2012p16
2050_p16_18,2050,2050_p16,2012p16
2050_p16_19,2050,2050_p16,2012p16
2050_p16_20,2050,2050_p16,2012p16
2050_p16_21,2050,2050_p16,2012p16
2050_p16_22,2050,2050_p16,2012p16
2050_p16_23,2050,2050_p16,2012p16
2050_p16_24,2050,2050_p16,2012p16
2050_p16_25,2050,2050_p16,2012p16
2050_p16_26,2050,2050_p16,2012p16
2050_p16_27,2050,2050_p16,2012p16
2050_p16_28,2050,2050_p16,2012p16
2050_p16_29,2050,2050_p16,2012p16
2050_p16_30,2050,2050_p16,2012p16
2050_p16_31,2050,2050_p16,2012p16
2050_p16_32,2050,2050_p16,2012p16
2050_p16_33,2050,2050_p16,2012p16
2050_p16_34,2050,2050_p16,2012p16
2050_p16_35,2050,2050_p16,2012p16
2050_p16_36,2050,2050_p16,2012p16
2050_p16_37,2050,2050_p16,2012p16
2050_p16_38,2050,2050_p16,2012p16
2050_p16_39,2050,2050_p16,2012p16
2050_p16_40,2050,2050_p16,2012p16
2050_p16_41,2050,2050_p16,2012p16
2050_p16_42,2050,2050_p16,2012p16
2050_p16_43,2050,2050_p16,2012p16
2050_p16_44,2050,2050_p16,2012p16
2050_p16_45,2050,2050_p16,2012p16
2050_p16_46,2050,2050_p16,2012p16
2050_p16_47,2050,2050_p16,2012p16
2050_p16_48,2050,2050_p16,2012p16
2050_p16_49,2050,2050_p16,2012p16
2050_p16_50,2050,2050_p16,2012p16
2050_p16_51,2050,2050_p16,2012p16
2050_p16_52,2050,2050_p16,2012p16
2050_p16_53,2050,2050_p16,2012p16
2050_p16_54,2050,2050_p16,2012p16
2050_p16_55,2050,2050_p16,2012p16
2050_p16_56,2050,2050_p16,2012p16
2050_p16_57,2050,2050_p16,2012p16
2050_p16_58,2050,2050_p16,2012p16
2050_p16_59,2050,2050_p16,2012p16
2050_p16_60,2050,2050_p16,2012p16
2050_p16_61,2050,2050_p16,2012p16
2050_p16_62,2050,2050_p16,2012p16
2050_p16_63,2050,2050_p16,2012p16
2050_p16_64,2050,2050_p16,2012p16
2050_p16_65,2050,2050_p16,2012p16
2050_p16_66,2050,2050_p16,2012p16
2050_p16_67,2050,2050_p16,2012p16
2050_p16_68,2050,2050_p16,2012p16
2050_p16_69,2050,2050_p16,2012p16
2050_p16_70,2050,2050_p16,2012p16
2050_p16_71,2050,2050_p16,2012p16
2050_p16_72,2050,2050_p16,2012p16
2050_p16_73,2050,2050_p16,2012p16
2050_p16_74,2050,2050_p16,2012p16
2050_p16_75,2050,2050_p16,2012p16
2050_p16_76,2050,2050_p16,2012p16
2050_p16_77,2050,2050_p16,2012p16
2050_p16_78,2050,2050_p16,2012p16
2050_p16_79,2050,2050_p16,2012p16
2050_p16_80,2050,2050_p16,2012p16
2050_p16_81,2050,2050_p16,2012p16
2050_p16_82,2050,2050_p16,2012p16
2050_p16_83,2050,2050_p16,2012p16
2050_p16_84,2050,2050_p16,2012p16
2050_p16_85,2050,2050_p16,2012p16
2050_p16_86,2050,2050_p16,2012p16
2050_p16_87,2050,2050_p16,2012p16
2050_p16_88,2050,2050_p16,2012p16
2050_p16_89,2050,2050_p16,2012p16
2050_p16_90,2050,2050_p16,2012p16
2050_p16_91,2050,2050_p16,2012p16
2050_p16_92,2050,2050_p16,2012p16
2050_p16_93,2050,2050_p16,2012p16
2050_p16_94,2050,2050_p16,2012p16
2050_p16_95,2050,2050_p16,2012p16
2050_p16_96,2050,2050_p16,2012p16
2050_p16_97,2050,2050_p16,2012p16
2050_p16_98,2050,2050_p16,2012p16
2050_p16_99,2050,2050_p16,2012p16
2050_p16_100,2050,2050_p16,2012p16
2050_p16_101,2050,2050_p16,2012p16
2050_p16_102,2050,2050_p16,2012p16
2050_p16_103,2050,2050_p16,2012p16
2050_p16_104,2050,2050_p16,2012p16
2050_p16_105,2050,2050_p16,2012p16
2050_p16_106,2050,2050_p16,2012p16
2050_p16_107,2050,2050_p16,2012p16
2050_p16_108,2050,2050_p16,2012p16
2050_p16_109,2050,2050_p16,2012p16
2050_p16_110,2050,2050_p16,2012p16
2050_p16_111,2050,2050_p16,2012p16
2050_p16_112,2050,2050_p16,2012p16
2050_p16_113,2050,2050_p16,2012p16
2050_p16_114,2050,2050_p16,2012p16
2050_p16_115,2050,2050_p16,2012p16
2050_p16_116,2050,2050_p16,2012p16
2050_p16_117,2050,2050_p16,2012p16
2050_p16_118,2050,2050_p16,2012p16
2050_p16_119,2050,2050_p16,2012p16
2050_p16_120,2050,2050_p16,2012p16
2050_p16_121,2050,2050_p16,2012p16
2050_p16_122,2050,2050_p16,2012p16
2050_p16_123,2050,2050_p16,2012p16
2050_p16_124,2050,2050_p16,2012p16
2050_p16_125,2050,2050_p16,2012p16
2050_p16_126,2050,2050_p16,2012p16
2050_p16_127,2050,2050_p16,2012p16
2050_p16_128,2050,2050_p16,2012p16
2050_p16_129,2050,2050_p16,2012p16
2050_p16_130,2050,2050_p16,2012p16
2050_p16_131,2050,2050_p16,2012p16
2050_p16_132,2050,2050_p16,2012p16
2050_p16_133,2050,2050_p16,2012p16
2050_p16_134,2050,2050_p16,2012p16
2050_p16_135,2050,2050_p16,2012p16
2050_p16_136,2050,2050_p16,2012p16
2050_p16_137,2050,2050_p16,2012p16
2050_p16_138,2050,2050_p16,2012p16
2050_p16_139,2050,2050_p16,2012p16
2050_p16_140,2050,2050_p16,2012p16
2050_p16_141,2050,2050_p16,2012p16
2050_p16_142,2050,2050_p16,2012p16
2050_p16_143,2050,2050_p16,2012p16
2050_p16_144,2050,2050_p16,2012p16
2050_p16_145,2050,2050_p16,2012p16
2050_p16_146,2050,2050_p16,2012p16
2050_p16_147,2050,2050_p16,2012p16
2050_p16_148,2050,2050_p16,2012p16
2050_p16_149,2050,2050_p16,2012p16
2050_p16_150,2050,2050_p16,2012p16
2050_p16_151,2050,2050_p16,2012p16
2050_p16_152,2050,2050_p16,2012p16
2050_p16_153,2050,2050_p16,2012p16
2050_p16_154,2050,2050_p16,2012p16
2050_p16_155,2050,2050_p16,2012p16
2050_p16_156,2050,2050_p16,2012p16
2050_p16_157,2050,2050_p16,2012p16
2050_p16_158,2050,2050_p16,2012p16
2050_p16_159,2050,2050_p16,2012p16
2050_p16_160,2050,2050_p16,2012p16
2050_p16_161,2050,2050_p16,2012p16
2050_p16_162,2050,2050_p16,2012p16
2050_p16_163,2050,2050_p16,2012p16
2050_p16_164,2050,2050_p16,2012p16
2050_p16_165,2050,2050_p16,2012p16
2050_p16_166,2050,2050_p16,2012p16
2050_p16_167,2050,2050_p16,2012p16
2050_p22_0,2050,2050_p22,2012p22
2050_p22_1,2050,2050_p22,2012p22
2050_p22_2,2050,2050_p22,2012p22
2050_p22_3,2050,2050_p22,2012p22
2050_p22_4,2050,2050_p22,2012p22
2050_p22_5,2050,2050_p22,2012p22
2050_p22_6,2050,2050_p22,2012p22
2050_p22_7,2050,2050_p22,2012p22
2050_p22_8,2050,2050_p22,2012p22
2050_p22_9,2050,2050_p22,2012p22
2050_p22_10,2050,2050_p22,2012p22
2050_p22_11,2050,2050_p22,2012p22
2050_p22_12,2050,2050_p22,2012p22
2050_p22_13,2050,2050_p22,2012p22
2050_p22_14,2050,2050_p22,2012p22
2050_p22_15,2050,2050_p22,2012p22
2050_p22_16,2050,2050_p22,2012p22
2050_p22_17,2050,2050_p22,2012p22
2050_p22_18,2050,2050_p22,2012p22
2050_p22_19,2050,2050_p22,2012p22
2050_p22_20,2050,2050_p22,2012p22
2050_p22_21,2050,2050_p22,2012p22
2050_p22_22,2050,2050_p22,2012p22
2050_p22_23,2050,2050_p22,2012p22
2050_p22_24,2050,2050_p22,2012p22
2050_p22_25,2050,2050_p22,2012p22
2050_p22_26,2050,2050_p22,2012p22
2050_p22_27,2050,2050_p22,2012p22
2050_p22_28,2050,2050_p22,2012p22
2050_p22_29,2050,2050_p22,2012p22
2050_p22_30,2050,2050_p22,2012p22
2050_p22_31,2050,2050_p22,2012p22
2050_p22_32,2050,2050_p22,2012p22
2050_p22_33,2050,2050_p22,2012p22
2050_p22_34,2050,2050_p22,2012p22
2050_p22_35,2050,2050_p22,2012p22
2050_p22_36,2050,2050_p22,2012p22
2050_p22_37,2050,2050_p22,2012p22
2050_p22_38,2050,2050_p22,2012p22
2050_p22_39,2050,2050_p22,2012p22
2050_p22_40,2050,2050_p22,2012p22
2050_p22_41,2050,2050_p22,2012p22
2050_p22_42,2050,2050_p22,2012p22
2050_p22_43,2050,2050_p22,2012p22
2050_p22_44,2050,2050_p22,2012p22
2050_p22_45,2050,2050_p22,2012p22
2050_p22_46,2050,2050_p22,2012p22
2050_p22_47,2050,2050_p22,2012p22
2050_p22_48,2050,2050_p22,2012p22
2050_p22_49,2050,2050_p22,2012p22
2050_p22_50,2050,2050_p22,2012p22
2050_p22_51,2050,2050_p22,2012p22
2050_p22_52,2050,2050_p22,2012p22
2050_p22_53,2050,2050_p22,2012p22
2050_p22_54,2050,2050_p22,2012p22
2050_p22_55,2050,2050_p22,2012p22
2050_p22_56,2050,2050_p22,2012p22
2050_p22_57,2050,2050_p22,2012p22
2050_p22_58,2050,2050_p22,2012p22
2050_p22_59,2050,2050_p22,2012p22
2050_p22_60,2050,2050_p22,2012p22
2050_p22_61,2050,2050_p22,2012p22
2050_p22_62,2050,2050_p22,2012p22
2050_p22_63,2050,2050_p22,2012p22
2050_p22_64,2050,2050_p22,2012p22
2050_p22_65,2050,2050_p22,2012p22
2050_p22_66,2050,2050_p22,2012p22
2050_p22_67,2050,2050_p22,2012p22
2050_p22_68,2050,2050_p22,2012p22
2050_p22_69,2050,2050_p22,2012p22
2050_p22_70,2050,2050_p22,2012p22
2050_p22_71,2050,2050_p22,2012p22
2050_p22_72,2050,2050_p22,2012p22
2050_p22_73,2050,2050_p22,2012p22
2050_p22_74,2050,2050_p22,2012p22
2050_p22_75,2050,2050_p22,2012p22
2050_p22_76,2050,2050_p22,2012p22
2050_p22_77,2050,2050_p22,2012p22
2050_p22_78,2050,2050_p22,2012p22
2050_p22_79,2050,2050_p22,2012p22
2050_p22_80,2050,2050_p22,2012p22
2050_p22_81,2050,2050_p22,2012p22
2050_p22_82,2050,2050_p22,2012p22
2050_p22_83,2050,2050_p22,2012p22
2050_p22_84,2050,2050_p22,2012p22
2050_p22_85,2050,2050_p22,2012p22
2050_p22_86,2050,2050_p22,2012p22
2050_p22_87,2050,2050_p22,2012p22
2050_p22_88,2050,2050_p22,2012p22
2050_p22_89,2050,2050_p22,2012p22
2050_p22_90,2050,2050_p22,2012p22
2050_p22_91,2050,2050_p22,2012p22
2050_p22_92,2050,2050_p22,2012p22
2050_p22_93,2050,2050_p22,2012p22
2050_p22_94,2050,2050_p22,2012p22
2050_p22_95,2050,2050_p22,2012p22
2050_p22_96,2050,2050_p22,2012p22
2050_p22_97,2050,2050_p22,2012p22
2050_p22_98,2050,2050_p22,2012p22
2050_p22_99,2050,2050_p22,2012p22
2050_p22_100,2050,2050_p22,2012p22
2050_p22_101,2050,2050_p22,2012p22
2050_p22_102,2050,2050_p22,2012p22
2050_p22_103,2050,2050_p22,2012p22
2050_p22_104,2050,2050_p22,2012p22
2050_p22_105,2050,2050_p22,2012p22
2050_p22_106,2050,2050_p22,2012p22
2050_p22_107,2050,2050_p22,2012p22
2050_p22_108,2050,2050_p22,2012p22
2050_p22_109,2050,2050_p22,2012p22
2050_p22_110,2050,2050_p22,2012p22
2050_p22_111,2050,2050_p22,2012p22
2050_p22_112,2050,2050_p22,2012p22
2050_p22_113,2050,2050_p22,2012p22
2050_p22_114,2050,2050_p22,2012p22
2050_p22_115,2050,2050_p22,2012p22
2050_p22_116,2050,2050_p22,2012p22
2050_p22_117,2050,2050_p22,2012p22
2050_p22_118,2050,2050_p22,2012p22
2050_p22_119,2050,2050_p22,2012p22
2050_p22_120,2050,2050_p22,2012p22
2050_p22_121,2050,2050_p22,2012p22
2050_p22_122,2050,2050_p22,2012p22
2050_p22_123,2050,2050_p22,2012p22
2050_p22_124,2050,2050_p22,2012p22
2050_p22_125,2050,2050_p22,2012p22
2050_p22_126,2050,2050_p22,2012p22
2050_p22_127,2050,2050_p22,2012p22
2050_p22_128,2050,2050_p22,2012p22
2050_p22_129,2050,2050_p22,2012p22
2050_p22_130,2050,2050_p22,2012p22
2050_p22_131,2050,2050_p22,2012p22
2050_p22_132,2050,2050_p22,2012p22
2050_p22_133,2050,2050_p22,2012p22
2050_p22_134,2050,2050_p22,2012p22
2050_p22_135,2050,2050_p22,2012p22
2050_p22_136,2050,2050_p22,2012p22
2050_p22_137,2050,2050_p22,2012p22
2050_p22_138,2050,2050_p22,2012p22
2050_p22_139,2050,2050_p22,2012p22
2050_p22_140,2050,2050_p22,2012p22
2050_p22_141,2050,2050_p22,2012p22
2050_p22_142,2050,2050_p22,2012p22
2050_p22_143,2050,2050_p22,2012p22
2050_p22_144,2050,2050_p22,2012p22
2050_p22_145,2050,2050_p22,2012p22
2050_p22_146,2050,2050_p22,2012p22
2050_p22_147,2050,2050_p22,2012p22
2050_p22_148,2050,2050_p22,2012p22
2050_p22_149,2050,2050_p22,2012p22
2050_p22_150,2050,2050_p22,2012p22
2050_p22_151,2050,2050_p22,2012p22
2050_p22_152,2050,2050_p22,2012p22
2050_p22_153,2050,2050_p22,2012p22
2050_p22_154,2050,2050_p22,2012p22
2050_p22_155,2050,2050_p22,2012p22
2050_p22_156,2050,2050_p22,2012p22
2050_p22_157,2050,2050_p22,2012p22
2050_p22_158,2050,2050_p22,2012p22
2050_p22_159,2050,2050_p22,2012p22
2050_p22_160,2050,2050_p22,2012p22
2050_p22_161,2050,2050_p22,2012p22
2050_p22_162,2050,2050_p22,2012p22
2050_p22_163,2050,2050_p22,2012p22
2050_p22_164,2050,2050_p22,2012p22
2050_p22_165,2050,2050_p22,2012p22
2050_p22_166,2050,2050_p22,2012p22
2050_p22_167,2050,2050_p22,2012p22
2050_p1_0,2050,2050_p1,2012p1
2050_p1_1,2050,2050_p1,2012p1
2050_p1_2,2050,2050_p1,2012p1
2050_p1_3,2050,2050_p1,2012p1
2050_p1_4,2050,2050_p1,2012p1
2050_p1_5,2050,2050_p1,2012p1
2050_p1_6,2050,2050_p1,2012p1
2050_p1_7,2050,2050_p1,2012p1
2050_p1_8,2050,2050_p1,2012p1
2050_p1_9,2050,2050_p1,2012p1
2050_p1_10,2050,2050_p1,2012p1
2050_p1_11,2050,2050_p1,2012p1
2050_p1_12,2050,2050_p1,2012p1
2050_p1_13,2050,2050_p1,2012p1
2050_p1_14,2050,2050_p1,2012p1
2050_p1_15,2050,2050_p1,2012p1
2050_p1_16,2050,2050_p1,2012p1
2050_p1_17,2050,2050_p1,2012p1
2050_p1_18,2050,2050_p1,2012p1
2050_p1_19,2050,2050_p1,2012p1
2050_p1_20,2050,2050_p1,2012p1
2050_p1_21,2050,2050_p1,2012p1
2050_p1_22,2050,2050_p1,2012p1
2050_p1_23,2050,2050_p1,2012p1
2050_p1_24,2050,2050_p1,2012p1
2050_p1_25,2050,2050_p1,2012p1
2050_p1_26,2050,2050_p1,2012p1
2050_p1_27,2050,2050_p1,2012p1
2050_p1_28,2050,2050_p1,2012p1
2050_p1_29,2050,2050_p1,2012p1
2050_p1_30,2050,2050_p1,2012p1
2050_p1_31,2050,2050_p1,2012p1
2050_p1_32,2050,2050_p1,2012p1
2050_p1_33,2050,2050_p1,2012p1
2050_p1_34,2050,2050_p1,2012p1
2050_p1_35,2050,2050_p1,2012p1
2050_p1_36,2050,2050_p1,2012p1
2050_p1_37,2050,2050_p1,2012p1
2050_p1_38,2050,2050_p1,2012p1
2050_p1_39,2050,2050_p1,2012p1
2050_p1_40,2050,2050_p1,2012p1
2050_p1_41,2050,2050_p1,2012p1
2050_p1_42,2050,2050_p1,2012p1
2050_p1_43,2050,2050_p1,2012p1
2050_p1_44,2050,2050_p1,2012p1
2050_p1_45,2050,2050_p1,2012p1
2050_p1_46,2050,2050_p1,2012p1
2050_p1_47,2050,2050_p1,2012p1
2050_p1_48,2050,2050_p1,2012p1
2050_p1_49,2050,2050_p1,2012p1
2050_p1_50,2050,2050_p1,2012p1
2050_p1_51,2050,2050_p1,2012p1
2050_p1_52,2050,2050_p1,2012p1
2050_p1_53,2050,2050_p1,2012p1
2050_p1_54,2050,2050_p1,2012p1
2050_p1_55,2050,2050_p1,2012p1
2050_p1_56,2050,2050_p1,2012p1
2050_p1_57,2050,2050_p1,2012p1
2050_p1_58,2050,2050_p1,2012p1
2050_p1_59,2050,2050_p1,2012p1
2050_p1_60,2050,2050_p1,2012p1
2050_p1_61,2050,2050_p1,2012p1
2050_p1_62,2050,2050_p1,2012p1
2050_p1_63,2050,2050_p1,2012p1
2050_p1_64,2050,2050_p1,2012p1
2050_p1_65,2050,2050_p1,2012p1
2050_p1_66,2050,2050_p1,2012p1
2050_p1_67,2050,2050_p1,2012p1
2050_p1_68,2050,2050_p1,2012p1
2050_p1_69,2050,2050_p1,2012p1
2050_p1_70,2050,2050_p1,2012p1
2050_p1_71,2050,2050_p1,2012p1
2050_p1_72,2050,2050_p1,2012p1
2050_p1_73,2050,2050_p1,2012p1
2050_p1_74,2050,2050_p1,2012p1
2050_p1_75,2050,2050_p1,2012p1
2050_p1_76,2050,2050_p1,2012p1
2050_p1_77,2050,2050_p1,2012p1
2050_p1_78,2050,2050_p1,2012p1
2050_p1_79,2050,2050_p1,2012p1
2050_p1_80,2050,2050_p1,2012p1
2050_p1_81,2050,2050_p1,2012p1
2050_p1_82,2050,2050_p1,2012p1
2050_p1_83,2050,2050_p1,2012p1
2050_p1_84,2050,2050_p1,2012p1
2050_p1_85,2050,2050_p1,2012p1
2050_p1_86,2050,2050_p1,2012p1
2050_p1_87,2050,2050_p1,2012p1
2050_p1_88,2050,2050_p1,2012p1
2050_p1_89,2050,2050_p1,2012p1
2050_p1_90,2050,2050_p1,2012p1
2050_p1_91,2050,2050_p1,2012p1
2050_p1_92,2050,2050_p1,2012p1
2050_p1_93,2050,2050_p1,2012p1
2050_p1_94,2050,2050_p1,2012p1
2050_p1_95,2050,2050_p1,2012p1
2050_p1_96,2050,2050_p1,2012p1
2050_p1_97,2050,2050_p1,2012p1
2050_p1_98,2050,2050_p1,2012p1
2050_p1_99,2050,2050_p1,2012p1
2050_p1_100,2050,2050_p1,2012p1
2050_p1_101,2050,2050_p1,2012p1
2050_p1_102,2050,2050_p1,2012p1
2050_p1_103,2050,2050_p1,2012p1
2050_p1_104,2050,2050_p1,2012p1
2050_p1_105,2050,2050_p1,2012p1
2050_p1_106,2050,2050_p1,2012p1
2050_p1_107,2050,2050_p1,2012p1
2050_p1_108,2050,2050_p1,2012p1
2050_p1_109,2050,2050_p1,2012p1
2050_p1_110,2050,2050_p1,2012p1
2050_p1_111,2050,2050_p1,2012p1
2050_p1_112,2050,2050_p1,2012p1
2050_p1_113,2050,2050_p1,2012p1
2050_p1_114,2050,2050_p1,2012p1
2050_p1_115,2050,2050_p1,2012p1
2050_p1_116,2050,2050_p1,2012p1
2050_p1_117,2050,2050_p1,2012p1
2050_p1_118,2050,2050_p1,2012p1
2050_p1_119,2050,2050_p1,2012p1
2050_p1_120,2050,2050_p1,2012p1
2050_p1_121,2050,2050_p1,2012p1
2050_p1_122,2050,2050_p1,2012p1
2050_p1_123,2050,2050_p1,2012p1
2050_p1_124,2050,2050_p1,2012p1
2050_p1_125,2050,2050_p1,2012p1
2050_p1_126,2050,2050_p1,2012p1
2050_p1_127,2050,2050_p1,2012p1
2050_p1_128,2050,2050_p1,2012p1
2050_p1_129,2050,2050_p1,2012p1
2050_p1_130,2050,2050_p1,2012p1
2050_p1_131,2050,2050_p1,2012p1
2050_p1_132,2050,2050_p1,2012p1
2050_p1_133,2050,2050_p1,2012p1
2050_p1_134,2050,2050_p1,2012p1
2050_p1_135,2050,2050_p1,2012p1
2050_p1_136,2050,2050_p1,2012p1
2050_p1_137,2050,2050_p1,2012p1
2050_p1_138,2050,2050_p1,2012p1
2050_p1_139,2050,2050_p1,2012p1
2050_p1_140,2050,2050_p1,2012p1
2050_p1_141,2050,2050_p1,2012p1
2050_p1_142,2050,2050_p1,2012p1
2050_p1_143,2050,2050_p1,2012p1
2050_p1_144,2050,2050_p1,2012p1
2050_p1_145,2050,2050_p1,2012p1
2050_p1_146,2050,2050_p1,2012p1
2050_p1_147,2050,2050_p1,2012p1
2050_p1_148,2050,2050_p1,2012p1
2050_p1_149,2050,2050_p1,2012p1
2050_p1_150,2050,2050_p1,2012p1
2050_p1_151,2050,2050_p1,2012p1
2050_p1_152,2050,2050_p1,2012p1
2050_p1_153,2050,2050_p1,2012p1
2050_p1_154,2050,2050_p1,2012p1
2050_p1_155,2050,2050_p1,2012p1
2050_p1_156,2050,2050_p1,2012p1
2050_p1_157,2050,2050_p1,2012p1
2050_p1_158,2050,2050_p1,2012p1
2050_p1_159,2050,2050_p1,2012p1
2050_p1_160,2050,2050_p1,2012p1
2050_p1_161,2050,2050_p1,2012p1
2050_p1_162,2050,2050_p1,2012p1
2050_p1_163,2050,2050_p1,2012p1
2050_p1_164,2050,2050_p1,2012p1
2050_p1_165,2050,2050_p1,2012p1
2050_p1_166,2050,2050_p1,2012p1
2050_p1_167,2050,2050_p1,2012p1
2050_p6_0,2050,2050_p6,2012p6
2050_p6_1,2050,2050_p6,2012p6
2050_p6_2,2050,2050_p6,2012p6
2050_p6_3,2050,2050_p6,2012p6
2050_p6_4,2050,2050_p6,2012p6
2050_p6_5,2050,2050_p6,2012p6
2050_p6_6,2050,2050_p6,2012p6
2050_p6_7,2050,2050_p6,2012p6
2050_p6_8,2050,2050_p6,2012p6
2050_p6_9,2050,2050_p6,2012p6
2050_p6_10,2050,2050_p6,2012p6
2050_p6_11,2050,2050_p6,2012p6
2050_p6_12,2050,2050_p6,2012p6
2050_p6_13,2050,2050_p6,2012p6
2050_p6_14,2050,2050_p6,2012p6
2050_p6_15,2050,2050_p6,2012p6
2050_p6_16,2050,2050_p6,2012p6
2050_p6_17,2050,2050_p6,2012p6
2050_p6_18,2050,2050_p6,2012p6
2050_p6_19,2050,2050_p6,2012p6
2050_p6_20,2050,2050_p6,2012p6
2050_p6_21,2050,2050_p6,2012p6
2050_p6_22,2050,2050_p6,2012p6
2050_p6_23,2050,2050_p6,2012p6
2050_p6_24,2050,2050_p6,2012p6
2050_p6_25,2050,2050_p6,2012p6
2050_p6_26,2050,2050_p6,2012p6
2050_p6_27,2050,2050_p6,2012p6
2050_p6_28,2050,2050_p6,2012p6
2050_p6_29,2050,2050_p6,2012p6
2050_p6_30,2050,2050_p6,2012p6
2050_p6_31,2050,2050_p6,2012p6
2050_p6_32,2050,2050_p6,2012p6
2050_p6_33,2050,2050_p6,2012p6
2050_p6_34,2050,2050_p6,2012p6
2050_p6_35,2050,2050_p6,2012p6
2050_p6_36,2050,2050_p6,2012p6
2050_p6_37,2050,2050_p6,2012p6
2050_p6_38,2050,2050_p6,2012p6
2050_p6_39,2050,2050_p6,2012p6
2050_p6_40,2050,2050_p6,2012p6
2050_p6_41,2050,2050_p6,2012p6
2050_p6_42,2050,2050_p6,2012p6
2050_p6_43,2050,2050_p6,2012p6
2050_p6_44,2050,2050_p6,2012p6
2050_p6_45,2050,2050_p6,2012p6
2050_p6_46,2050,2050_p6,2012p6
2050_p6_47,2050,2050_p6,2012p6
2050_p6_48,2050,2050_p6,2012p6
2050_p6_49,2050,2050_p6,2012p6
2050_p6_50,2050,2050_p6,2012p6
2050_p6_51,2050,2050_p6,2012p6
2050_p6_52,2050,2050_p6,2012p6
2050_p6_53,2050,2050_p6,2012p6
2050_p6_54,2050,2050_p6,2012p6
2050_p6_55,2050,2050_p6,2012p6
2050_p6_56,2050,2050_p6,2012p6
2050_p6_57,2050,2050_p6,2012p6
2050_p6_58,2050,2050_p6,2012p6
2050_p6_59,2050,2050_p6,2012p6
2050_p6_60,2050,2050_p6,2012p6
2050_p6_61,2050,2050_p6,2012p6
2050_p6_62,2050,2050_p6,2012p6
2050_p6_63,2050,2050_p6,2012p6
2050_p6_64,2050,2050_p6,2012p6
2050_p6_65,2050,2050_p6,2012p6
2050_p6_66,2050,2050_p6,2012p6
2050_p6_67,2050,2050_p6,2012p6
2050_p6_68,2050,2050_p6,2012p6
2050_p6_69,2050,2050_p6,2012p6
2050_p6_70,2050,2050_p6,2012p6
2050_p6_71,2050,2050_p6,2012p6
2050_p6_72,2050,2050_p6,2012p6
2050_p6_73,2050,2050_p6,2012p6
2050_p6_74,2050,2050_p6,2012p6
2050_p6_75,2050,2050_p6,2012p6
2050_p6_76,2050,2050_p6,2012p6
2050_p6_77,2050,2050_p6,2012p6
2050_p6_78,2050,2050_p6,2012p6
2050_p6_79,2050,2050_p6,2012p6
2050_p6_80,2050,2050_p6,2012p6
2050_p6_81,2050,2050_p6,2012p6
2050_p6_82,2050,2050_p6,2012p6
2050_p6_83,2050,2050_p6,2012p6
2050_p6_84,2050,2050_p6,2012p6
2050_p6_85,2050,2050_p6,2012p6
2050_p6_86,2050,2050_p6,2012p6
2050_p6_87,2050,2050_p6,2012p6
2050_p6_88,2050,2050_p6,2012p6
2050_p6_89,2050,2050_p6,2012p6
2050_p6_90,2050,2050_p6,2012p6
2050_p6_91,2050,2050_p6,2012p6
2050_p6_92,2050,2050_p6,2012p6
2050_p6_93,2050,2050_p6,2012p6
2050_p6_94,2050,2050_p6,2012p6
2050_p6_95,2050,2050_p6,2012p6
2050_p6_96,2050,2050_p6,2012p6
2050_p6_97,2050,2050_p6,2012p6
2050_p6_98,2050,2050_p6,2012p6
2050_p6_99,2050,2050_p6,2012p6
2050_p6_100,2050,2050_p6,2012p6
2050_p6_101,2050,2050_p6,2012p6
2050_p6_102,2050,2050_p6,2012p6
2050_p6_103,2050,2050_p6,2012p6
2050_p6_104,2050,2050_p6,2012p6
2050_p6_105,2050,2050_p6,2012p6
2050_p6_106,2050,2050_p6,2012p6
2050_p6_107,2050,2050_p6,2012p6
2050_p6_108,2050,2050_p6,2012p6
2050_p6_109,2050,2050_p6,2012p6
2050_p6_110,2050,2050_p6,2012p6
2050_p6_111,2050,2050_p6,2012p6
2050_p6_112,2050,2050_p6,2012p6
2050_p6_113,2050,2050_p6,2012p6
2050_p6_114,2050,2050_p6,2012p6
2050_p6_115,2050,2050_p6,2012p6
2050_p6_116,2050,2050_p6,2012p6
2050_p6_117,2050,2050_p6,2012p6
2050_p6_118,2050,2050_p6,2012p6
2050_p6_119,2050,2050_p6,2012p6
2050_p6_120,2050,2050_p6,2012p6
2050_p6_121,2050,2050_p6,2012p6
2050_p6_122,2050,2050_p6,2012p6
2050_p6_123,2050,2050_p6,2012p6
2050_p6_124,2050,2050_p6,2012p6
2050_p6_125,2050,2050_p6,2012p6
2050_p6_126,2050,2050_p6,2012p6
2050_p6_127,2050,2050_p6,2012p6
2050_p6_128,2050,2050_p6,2012p6
2050_p6_129,2050,2050_p6,2012p6
2050_p6_130,2050,2050_p6,2012p6
2050_p6_131,2050,2050_p6,2012p6
2050_p6_132,2050,2050_p6,2012p6
2050_p6_133,2050,2050_p6,2012p6
2050_p6_134,2050,2050_p6,2012p6
2050_p6_135,2050,2050_p6,2012p6
2050_p6_136,2050,2050_p6,2012p6
2050_p6_137,2050,2050_p6,2012p6
2050_p6_138,2050,2050_p6,2012p6
2050_p6_139,2050,2050_p6,2012p6
2050_p6_140,2050,2050_p6,2012p6
2050_p6_141,2050,2050_p6,2012p6
2050_p6_142,2050,2050_p6,2012p6
2050_p6_143,2050,2050_p6,2012p6
2050_p6_144,2050,2050_p6,2012p6
2050_p6_145,2050,2050_p6,2012p6
2050_p6_146,2050,2050_p6,2012p6
2050_p6_147,2050,2050_p6,2012p6
2050_p6_148,2050,2050_p6,2012p6
2050_p6_149,2050,2050_p6,2012p6
2050_p6_150,2050,2050_p6,2012p6
2050_p6_151,2050,2050_p6,2012p6
2050_p6_152,2050,2050_p6,2012p6
2050_p6_153,2050,2050_p6,2012p6
2050_p6_154,2050,2050_p6,2012p6
2050_p6_155,2050,2050_p6,2012p6
2050_p6_156,2050,2050_p6,2012p6
2050_p6_157,2050,2050_p6,2012p6
2050_p6_158,2050,2050_p6,2012p6
2050_p6_159,2050,2050_p6,2012p6
2050_p6_160,2050,2050_p6,2012p6
2050_p6_161,2050,2050_p6,2012p6
2050_p6_162,2050,2050_p6,2012p6
2050_p6_163,2050,2050_p6,2012p6
2050_p6_164,2050,2050_p6,2012p6
2050_p6_165,2050,2050_p6,2012p6
2050_p6_166,2050,2050_p6,2012p6
2050_p6_167,2050,2050_p6,2012p6
2050_p48_0,2050,2050_p48,2012p48
2050_p48_1,2050,2050_p48,2012p48
2050_p48_2,2050,2050_p48,2012p48
2050_p48_3,2050,2050_p48,2012p48
2050_p48_4,2050,2050_p48,2012p48
2050_p48_5,2050,2050_p48,2012p48
2050_p48_6,2050,2050_p48,2012p48
2050_p48_7,2050,2050_p48,2012p48
2050_p48_8,2050,2050_p48,2012p48
2050_p48_9,2050,2050_p48,2012p48
2050_p48_10,2050,2050_p48,2012p48
2050_p48_11,2050,2050_p48,2012p48
2050_p48_12,2050,2050_p48,2012p48
2050_p48_13,2050,2050_p48,2012p48
2050_p48_14,2050,2050_p48,2012p48
2050_p48_15,2050,2050_p48,2012p48
2050_p48_16,2050,2050_p48,2012p48
2050_p48_17,2050,2050_p48,2012p48
2050_p48_18,2050,2050_p48,2012p48
2050_p48_19,2050,2050_p48,2012p48
2050_p48_20,2050,2050_p48,2012p48
2050_p48_21,2050,2050_p48,2012p48
2050_p48_22,2050,2050_p48,2012p48
2050_p48_23,2050,2050_p48,2012p48
2050_p48_24,2050,2050_p48,2012p48
2050_p48_25,2050,2050_p48,2012p48
2050_p48_26,2050,2050_p48,2012p48
2050_p48_27,2050,2050_p48,2012p48
2050_p48_28,2050,2050_p48,2012p48
2050_p48_29,2050,2050_p48,2012p48
2050_p48_30,2050,2050_p48,2012p48
2050_p48_31,2050,2050_p48,2012p48
2050_p48_32,2050,2050_p48,2012p48
2050_p48_33,2050,2050_p48,2012p48
2050_p48_34,2050,2050_p48,2012p48
2050_p48_35,2050,2050_p48,2012p48
2050_p48_36,2050,2050_p48,2012p48
2050_p48_37,2050,2050_p48,2012p48
2050_p48_38,2050,2050_p48,2012p48
2050_p48_39,2050,2050_p48,2012p48
2050_p48_40,2050,2050_p48,2012p48
2050_p48_41,2050,2050_p48,2012p48
2050_p48_42,2050,2050_p48,2012p48
2050_p48_43,2050,2050_p48,2012p48
2050_p48_44,2050,2050_p48,2012p48
2050_p48_45,2050,2050_p48,2012p48
2050_p48_46,2050,2050_p48,2012p48
2050_p48_47,2050,2050_p48,2012p48
2050_p48_48,2050,2050_p48,2012p48
2050_p48_49,2050,2050_p48,2012p48
2050_p48_50,2050,2050_p48,2012p48
2050_p48_51,2050,2050_p48,2012p48
2050_p48_52,2050,2050_p48,2012p48
2050_p48_53,2050,2050_p48,2012p48
2050_p48_54,2050,2050_p48,2012p48
2050_p48_55,2050,2050_p48,2012p48
2050_p48_56,2050,2050_p48,2012p48
2050_p48_57,2050,2050_p48,2012p48
2050_p48_58,2050,2050_p48,2012p48
2050_p48_59,2050,2050_p48,2012p48
2050_p48_60,2050,2050_p48,2012p48
2050_p48_61,2050,2050_p48,2012p48
2050_p48_62,2050,2050_p48,2012p48
2050_p48_63,2050,2050_p48,2012p48
2050_p48_64,2050,2050_p48,2012p48
2050_p48_65,2050,2050_p48,2012p48
2050_p48_66,2050,2050_p48,2012p48
2050_p48_67,2050,2050_p48,2012p48
2050_p48_68,2050,2050_p48,2012p48
2050_p48_69,2050,2050_p48,2012p48
2050_p48_70,2050,2050_p48,2012p48
2050_p48_71,2050,2050_p48,2012p48
2050_p48_72,2050,2050_p48,2012p48
2050_p48_73,2050,2050_p48,2012p48
2050_p48_74,2050,2050_p48,2012p48
2050_p48_75,2050,2050_p48,2012p48
2050_p48_76,2050,2050_p48,2012p48
2050_p48_77,2050,2050_p48,2012p48
2050_p48_78,2050,2050_p48,2012p48
2050_p48_79,2050,2050_p48,2012p48
2050_p48_80,2050,2050_p48,2012p48
2050_p48_81,2050,2050_p48,2012p48
2050_p48_82,2050,2050_p48,2012p48
2050_p48_83,2050,2050_p48,2012p48
2050_p48_84,2050,2050_p48,2012p48
2050_p48_85,2050,2050_p48,2012p48
2050_p48_86,2050,2050_p48,2012p48
2050_p48_87,2050,2050_p48,2012p48
2050_p48_88,2050,2050_p48,2012p48
2050_p48_89,2050,2050_p48,2012p48
2050_p48_90,2050,2050_p48,2012p48
2050_p48_91,2050,2050_p48,2012p48
2050_p48_92,2050,2050_p48,2012p48
2050_p48_93,2050,2050_p48,2012p48
2050_p48_94,2050,2050_p48,2012p48
2050_p48_95,2050,2050_p48,2012p48
2050_p48_96,2050,2050_p48,2012p48
2050_p48_97,2050,2050_p48,2012p48
2050_p48_98,2050,2050_p48,2012p48
2050_p48_99,2050,2050_p48,2012p48
2050_p48_100,2050,2050_p48,2012p48
2050_p48_101,2050,2050_p48,2012p48
2050_p48_102,2050,2050_p48,2012p48
2050_p48_103,2050,2050_p48,2012p48
2050_p48_104,2050,2050_p48,2012p48
2050_p48_105,2050,2050_p48,2012p48
2050_p48_106,2050,2050_p48,2012p48
2050_p48_107,2050,2050_p48,2012p48
2050_p48_108,2050,2050_p48,2012p48
2050_p48_109,2050,2050_p48,2012p48
2050_p48_110,2050,2050_p48,2012p48
2050_p48_111,2050,2050_p48,2012p48
2050_p48_112,2050,2050_p48,2012p48
2050_p48_113,2050,2050_p48,2012p48
2050_p48_114,2050,2050_p48,2012p48
2050_p48_115,2050,2050_p48,2012p48
2050_p48_116,2050,2050_p48,2012p48
2050_p48_117,2050,2050_p48,2012p48
2050_p48_118,2050,2050_p48,2012p48
2050_p48_119,2050,2050_p48,2012p48
2050_p48_120,2050,2050_p48,2012p48
2050_p48_121,2050,2050_p48,2012p48
2050_p48_122,2050,2050_p48,2012p48
2050_p48_123,2050,2050_p48,2012p48
2050_p48_124,2050,2050_p48,2012p48
2050_p48_125,2050,2050_p48,2012p48
2050_p48_126,2050,2050_p48,2012p48
2050_p48_127,2050,2050_p48,2012p48
2050_p48_128,2050,2050_p48,2012p48
2050_p48_129,2050,2050_p48,2012p48
2050_p48_130,2050,2050_p48,2012p48
2050_p48_131,2050,2050_p48,2012p48
2050_p48_132,2050,2050_p48,2012p48
2050_p48_133,2050,2050_p48,2012p48
2050_p48_134,2050,2050_p48,2012p48
2050_p48_135,2050,2050_p48,2012p48
2050_p48_136,2050,2050_p48,2012p48
2050_p48_137,2050,2050_p48,2012p48
2050_p48_138,2050,2050_p48,2012p48
2050_p48_139,2050,2050_p48,2012p48
2050_p48_140,2050,2050_p48,2012p48
2050_p48_141,2050,2050_p48,2012p48
2050_p48_142,2050,2050_p48,2012p48
2050_p48_143,2050,2050_p48,2012p48
2050_p48_144,2050,2050_p48,2012p48
2050_p48_145,2050,2050_p48,2012p48
2050_p48_146,2050,2050_p48,2012p48
2050_p48_147,2050,2050_p48,2012p48
2050_p48_148,2050,2050_p48,2012p48
2050_p48_149,2050,2050_p48,2012p48
2050_p48_150,2050,2050_p48,2012p48
2050_p48_151,2050,2050_p48,2012p48
2050_p48_152,2050,2050_p48,2012p48
2050_p48_153,2050,2050_p48,2012p48
2050_p48_154,2050,2050_p48,2012p48
2050_p48_155,2050,2050_p48,2012p48
2050_p48_156,2050,2050_p48,2012p48
2050_p48_157,2050,2050_p48,2012p48
2050_p48_158,2050,2050_p48,2012p48
2050_p48_159,2050,2050_p48,2012p48
2050_p48_160,2050,2050_p48,2012p48
2050_p48_161,2050,2050_p48,2012p48
2050_p48_162,2050,2050_p48,2012p48
2050_p48_163,2050,2050_p48,2012p48
2050_p48_164,2050,2050_p48,2012p48
2050_p48_165,2050,2050_p48,2012p48
2050_p48_166,2050,2050_p48,2012p48
2050_p48_167,2050,2050_p48,2012p48
2050_p30_0,2050,2050_p30,2012p30
2050_p30_1,2050,2050_p30,2012p30
2050_p30_2,2050,2050_p30,2012p30
2050_p30_3,2050,2050_p30,2012p30
2050_p30_4,2050,2050_p30,2012p30
2050_p30_5,2050,2050_p30,2012p30
2050_p30_6,2050,2050_p30,2012p30
2050_p30_7,2050,2050_p30,2012p30
2050_p30_8,2050,2050_p30,2012p30
2050_p30_9,2050,2050_p30,2012p30
2050_p30_10,2050,2050_p30,2012p30
2050_p30_11,2050,2050_p30,2012p30
2050_p30_12,2050,2050_p30,2012p30
2050_p30_13,2050,2050_p30,2012p30
2050_p30_14,2050,2050_p30,2012p30
2050_p30_15,2050,2050_p30,2012p30
2050_p30_16,2050,2050_p30,2012p30
2050_p30_17,2050,2050_p30,2012p30
2050_p30_18,2050,2050_p30,2012p30
2050_p30_19,2050,2050_p30,2012p30
2050_p30_20,2050,2050_p30,2012p30
2050_p30_21,2050,2050_p30,2012p30
2050_p30_22,2050,2050_p30,2012p30
2050_p30_23,2050,2050_p30,2012p30
2050_p30_24,2050,2050_p30,2012p30
2050_p30_25,2050,2050_p30,2012p30
2050_p30_26,2050,2050_p30,2012p30
2050_p30_27,2050,2050_p30,2012p30
2050_p30_28,2050,2050_p30,2012p30
2050_p30_29,2050,2050_p30,2012p30
2050_p30_30,2050,2050_p30,2012p30
2050_p30_31,2050,2050_p30,2012p30
2050_p30_32,2050,2050_p30,2012p30
2050_p30_33,2050,2050_p30,2012p30
2050_p30_34,2050,2050_p30,2012p30
2050_p30_35,2050,2050_p30,2012p30
2050_p30_36,2050,2050_p30,2012p30
2050_p30_37,2050,2050_p30,2012p30
2050_p30_38,2050,2050_p30,2012p30
2050_p30_39,2050,2050_p30,2012p30
2050_p30_40,2050,2050_p30,2012p30
2050_p30_41,2050,2050_p30,2012p30
2050_p30_42,2050,2050_p30,2012p30
2050_p30_43,2050,2050_p30,2012p30
2050_p30_44,2050,2050_p30,2012p30
2050_p30_45,2050,2050_p30,2012p30
2050_p30_46,2050,2050_p30,2012p30
2050_p30_47,2050,2050_p30,2012p30
2050_p30_48,2050,2050_p30,2012p30
2050_p30_49,2050,2050_p30,2012p30
2050_p30_50,2050,2050_p30,2012p30
2050_p30_51,2050,2050_p30,2012p30
2050_p30_52,2050,2050_p30,2012p30
2050_p30_53,2050,2050_p30,2012p30
2050_p30_54,2050,2050_p30,2012p30
2050_p30_55,2050,2050_p30,2012p30
2050_p30_56,2050,2050_p30,2012p30
2050_p30_57,2050,2050_p30,2012p30
2050_p30_58,2050,2050_p30,2012p30
2050_p30_59,2050,2050_p30,2012p30
2050_p30_60,2050,2050_p30,2012p30
2050_p30_61,2050,2050_p30,2012p30
2050_p30_62,2050,2050_p30,2012p30
2050_p30_63,2050,2050_p30,2012p30
2050_p30_64,2050,2050_p30,2012p30
2050_p30_65,2050,2050_p30,2012p30
2050_p30_66,2050,2050_p30,2012p30
2050_p30_67,2050,2050_p30,2012p30
2050_p30_68,2050,2050_p30,2012p30
2050_p30_69,2050,2050_p30,2012p30
2050_p30_70,2050,2050_p30,2012p30
2050_p30_71,2050,2050_p30,2012p30
2050_p30_72,2050,2050_p30,2012p30
2050_p30_73,2050,2050_p30,2012p30
2050_p30_74,2050,2050_p30,2012p30
2050_p30_75,2050,2050_p30,2012p30
2050_p30_76,2050,2050_p30,2012p30
2050_p30_77,2050,2050_p30,2012p30
2050_p30_78,2050,2050_p30,2012p30
2050_p30_79,2050,2050_p30,2012p30
2050_p30_80,2050,2050_p30,2012p30
2050_p30_81,2050,2050_p30,2012p30
2050_p30_82,2050,2050_p30,2012p30
2050_p30_83,2050,2050_p30,2012p30
2050_p30_84,2050,2050_p30,2012p30
2050_p30_85,2050,2050_p30,2012p30
2050_p30_86,2050,2050_p30,2012p30
2050_p30_87,2050,2050_p30,2012p30
2050_p30_88,2050,2050_p30,2012p30
2050_p30_89,2050,2050_p30,2012p30
2050_p30_90,2050,2050_p30,2012p30
2050_p30_91,2050,2050_p30,2012p30
2050_p30_92,2050,2050_p30,2012p30
2050_p30_93,2050,2050_p30,2012p30
2050_p30_94,2050,2050_p30,2012p30
2050_p30_95,2050,2050_p30,2012p30
2050_p30_96,2050,2050_p30,2012p30
2050_p30_97,2050,2050_p30,2012p30
2050_p30_98,2050,2050_p30,2012p30
2050_p30_99,2050,2050_p30,2012p30
2050_p30_100,2050,2050_p30,2012p30
2050_p30_101,2050,2050_p30,2012p30
2050_p30_102,2050,2050_p30,2012p30
2050_p30_103,2050,2050_p30,2012p30
2050_p30_104,2050,2050_p30,2012p30
2050_p30_105,2050,2050_p30,2012p30
2050_p30_106,2050,2050_p30,2012p30
2050_p30_107,2050,2050_p30,2012p30
2050_p30_108,2050,2050_p30,2012p30
2050_p30_109,2050,2050_p30,2012p30
2050_p30_110,2050,2050_p30,2012p30
2050_p30_111,2050,2050_p30,2012p30
2050_p30_112,2050,2050_p30,2012p30
2050_p30_113,2050,2050_p30,2012p30
2050_p30_114,2050,2050_p30,2012p30
2050_p30_115,2050,2050_p30,2012p30
2050_p30_116,2050,2050_p30,2012p30
2050_p30_117,2050,2050_p30,2012p30
2050_p30_118,2050,2050_p30,2012p30
2050_p30_119,2050,2050_p30,2012p30
2050_p30_120,2050,2050_p30,2012p30
2050_p30_121,2050,2050_p30,2012p30
2050_p30_122,2050,2050_p30,2012p30
2050_p30_123,2050,2050_p30,2012p30
2050_p30_124,2050,2050_p30,2012p30
2050_p30_125,2050,2050_p30,2012p30
2050_p30_126,2050,2050_p30,2012p30
2050_p30_127,2050,2050_p30,2012p30
2050_p30_128,2050,2050_p30,2012p30
2050_p30_129,2050,2050_p30,2012p30
2050_p30_130,2050,2050_p30,2012p30
2050_p30_131,2050,2050_p30,2012p30
2050_p30_132,2050,2050_p30,2012p30
2050_p30_133,2050,2050_p30,2012p30
2050_p30_134,2050,2050_p30,2012p30
2050_p30_135,2050,2050_p30,2012p30
2050_p30_136,2050,2050_p30,2012p30
2050_p30_137,2050,2050_p30,2012p30
2050_p30_138,2050,2050_p30,2012p30
2050_p30_139,2050,2050_p30,2012p30
2050_p30_140,2050,2050_p30,2012p30
2050_p30_141,2050,2050_p30,2012p30
2050_p30_142,2050,2050_p30,2012p30
2050_p30_143,2050,2050_p30,2012p30
2050_p30_144,2050,2050_p30,2012p30
2050_p30_145,2050,2050_p30,2012p30
2050_p30_146,2050,2050_p30,2012p30
2050_p30_147,2050,2050_p30,2012p30
2050_p30_148,2050,2050_p30,2012p30
2050_p30_149,2050,2050_p30,2012p30
2050_p30_150,2050,2050_p30,2012p30
2050_p30_151,2050,2050_p30,2012p30
2050_p30_152,2050,2050_p30,2012p30
2050_p30_153,2050,2050_p30,2012p30
2050_p30_154,2050,2050_p30,2012p30
2050_p30_155,2050,2050_p30,2012p30
2050_p30_156,2050,2050_p30,2012p30
2050_p30_157,2050,2050_p30,2012p30
2050_p30_158,2050,2050_p30,2012p30
2050_p30_159,2050,2050_p30,2012p30
2050_p30_160,2050,2050_p30,2012p30
2050_p30_161,2050,2050_p30,2012p30
2050_p30_162,2050,2050_p30,2012p30
2050_p30_163,2050,2050_p30,2012p30
2050_p30_164,2050,2050_p30,2012p30
2050_p30_165,2050,2050_p30,2012p30
2050_p30_166,2050,2050_p30,2012p30
2050_p30_167,2050,2050_p30,2012p30
2050_p27_0,2050,2050_p27,2012p27
2050_p27_1,2050,2050_p27,2012p27
2050_p27_2,2050,2050_p27,2012p27
2050_p27_3,2050,2050_p27,2012p27
2050_p27_4,2050,2050_p27,2012p27
2050_p27_5,2050,2050_p27,2012p27
2050_p27_6,2050,2050_p27,2012p27
2050_p27_7,2050,2050_p27,2012p27
2050_p27_8,2050,2050_p27,2012p27
2050_p27_9,2050,2050_p27,2012p27
2050_p27_10,2050,2050_p27,2012p27
2050_p27_11,2050,2050_p27,2012p27
2050_p27_12,2050,2050_p27,2012p27
2050_p27_13,2050,2050_p27,2012p27
2050_p27_14,2050,2050_p27,2012p27
2050_p27_15,2050,2050_p27,2012p27
2050_p27_16,2050,2050_p27,2012p27
2050_p27_17,2050,2050_p27,2012p27
2050_p27_18,2050,2050_p27,2012p27
2050_p27_19,2050,2050_p27,2012p27
2050_p27_20,2050,2050_p27,2012p27
2050_p27_21,2050,2050_p27,2012p27
2050_p27_22,2050,2050_p27,2012p27
2050_p27_23,2050,2050_p27,2012p27
2050_p27_24,2050,2050_p27,2012p27
2050_p27_25,2050,2050_p27,2012p27
2050_p27_26,2050,2050_p27,2012p27
2050_p27_27,2050,2050_p27,2012p27
2050_p27_28,2050,2050_p27,2012p27
2050_p27_29,2050,2050_p27,2012p27
2050_p27_30,2050,2050_p27,2012p27
2050_p27_31,2050,2050_p27,2012p27
2050_p27_32,2050,2050_p27,2012p27
2050_p27_33,2050,2050_p27,2012p27
2050_p27_34,2050,2050_p27,2012p27
2050_p27_35,2050,2050_p27,2012p27
2050_p27_36,2050,2050_p27,2012p27
2050_p27_37,2050,2050_p27,2012p27
2050_p27_38,2050,2050_p27,2012p27
2050_p27_39,2050,2050_p27,2012p27
2050_p27_40,2050,2050_p27,2012p27
2050_p27_41,2050,2050_p27,2012p27
2050_p27_42,2050,2050_p27,2012p27
2050_p27_43,2050,2050_p27,2012p27
2050_p27_44,2050,2050_p27,2012p27
2050_p27_45,2050,2050_p27,2012p27
2050_p27_46,2050,2050_p27,2012p27
2050_p27_47,2050,2050_p27,2012p27
2050_p27_48,2050,2050_p27,2012p27
2050_p27_49,2050,2050_p27,2012p27
2050_p27_50,2050,2050_p27,2012p27
2050_p27_51,2050,2050_p27,2012p27
2050_p27_52,2050,2050_p27,2012p27
2050_p27_53,2050,2050_p27,2012p27
2050_p27_54,2050,2050_p27,2012p27
2050_p27_55,2050,2050_p27,2012p27
2050_p27_56,2050,2050_p27,2012p27
2050_p27_57,2050,2050_p27,2012p27
2050_p27_58,2050,2050_p27,2012p27
2050_p27_59,2050,2050_p27,2012p27
2050_p27_60,2050,2050_p27,2012p27
2050_p27_61,2050,2050_p27,2012p27
2050_p27_62,2050,2050_p27,2012p27
2050_p27_63,2050,2050_p27,2012p27
2050_p27_64,2050,2050_p27,2012p27
2050_p27_65,2050,2050_p27,2012p27
2050_p27_66,2050,2050_p27,2012p27
2050_p27_67,2050,2050_p27,2012p27
2050_p27_68,2050,2050_p27,2012p27
2050_p27_69,2050,2050_p27,2012p27
2050_p27_70,2050,2050_p27,2012p27
2050_p27_71,2050,2050_p27,2012p27
2050_p27_72,2050,2050_p27,2012p27
2050_p27_73,2050,2050_p27,2012p27
2050_p27_74,2050,2050_p27,2012p27
2050_p27_75,2050,2050_p27,2012p27
2050_p27_76,2050,2050_p27,2012p27
2050_p27_77,2050,2050_p27,2012p27
2050_p27_78,2050,2050_p27,2012p27
2050_p27_79,2050,2050_p27,2012p27
2050_p27_80,2050,2050_p27,2012p27
2050_p27_81,2050,2050_p27,2012p27
2050_p27_82,2050,2050_p27,2012p27
2050_p27_83,2050,2050_p27,2012p27
2050_p27_84,2050,2050_p27,2012p27
2050_p27_85,2050,2050_p27,2012p27
2050_p27_86,2050,2050_p27,2012p27
2050_p27_87,2050,2050_p27,2012p27
2050_p27_88,2050,2050_p27,2012p27
2050_p27_89,2050,2050_p27,2012p27
2050_p27_90,2050,2050_p27,2012p27
2050_p27_91,2050,2050_p27,2012p27
2050_p27_92,2050,2050_p27,2012p27
2050_p27_93,2050,2050_p27,2012p27
2050_p27_94,2050,2050_p27,2012p27
2050_p27_95,2050,2050_p27,2012p27
2050_p27_96,2050,2050_p27,2012p27
2050_p27_97,2050,2050_p27,2012p27
2050_p27_98,2050,2050_p27,2012p27
2050_p27_99,2050,2050_p27,2012p27
2050_p27_100,2050,2050_p27,2012p27
2050_p27_101,2050,2050_p27,2012p27
2050_p27_102,2050,2050_p27,2012p27
2050_p27_103,2050,2050_p27,2012p27
2050_p27_104,2050,2050_p27,2012p27
2050_p27_105,2050,2050_p27,2012p27
2050_p27_106,2050,2050_p27,2012p27
2050_p27_107,2050,2050_p27,2012p27
2050_p27_108,2050,2050_p27,2012p27
2050_p27_109,2050,2050_p27,2012p27
2050_p27_110,2050,2050_p27,2012p27
2050_p27_111,2050,2050_p27,2012p27
2050_p27_112,2050,2050_p27,2012p27
2050_p27_113,2050,2050_p27,2012p27
2050_p27_114,2050,2050_p27,2012p27
2050_p27_115,2050,2050_p27,2012p27
2050_p27_116,2050,2050_p27,2012p27
2050_p27_117,2050,2050_p27,2012p27
2050_p27_118,2050,2050_p27,2012p27
2050_p27_119,2050,2050_p27,2012p27
2050_p27_120,2050,2050_p27,2012p27
2050_p27_121,2050,2050_p27,2012p27
2050_p27_122,2050,2050_p27,2012p27
2050_p27_123,2050,2050_p27,2012p27
2050_p27_124,2050,2050_p27,2012p27
2050_p27_125,2050,2050_p27,2012p27
2050_p27_126,2050,2050_p27,2012p27
2050_p27_127,2050,2050_p27,2012p27
2050_p27_128,2050,2050_p27,2012p27
2050_p27_129,2050,2050_p27,2012p27
2050_p27_130,2050,2050_p27,2012p27
2050_p27_131,2050,2050_p27,2012p27
2050_p27_132,2050,2050_p27,2012p27
2050_p27_133,2050,2050_p27,2012p27
2050_p27_134,2050,2050_p27,2012p27
2050_p27_135,2050,2050_p27,2012p27
2050_p27_136,2050,2050_p27,2012p27
2050_p27_137,2050,2050_p27,2012p27
2050_p27_138,2050,2050_p27,2012p27
2050_p27_139,2050,2050_p27,2012p27
2050_p27_140,2050,2050_p27,2012p27
2050_p27_141,2050,2050_p27,2012p27
2050_p27_142,2050,2050_p27,2012p27
2050_p27_143,2050,2050_p27,2012p27
2050_p27_144,2050,2050_p27,2012p27
2050_p27_145,2050,2050_p27,2012p27
2050_p27_146,2050,2050_p27,2012p27
2050_p27_147,2050,2050_p27,2012p27
2050_p27_148,2050,2050_p27,2012p27
2050_p27_149,2050,2050_p27,2012p27
2050_p27_150,2050,2050_p27,2012p27
2050_p27_151,2050,2050_p27,2012p27
2050_p27_152,2050,2050_p27,2012p27
2050_p27_153,2050,2050_p27,2012p27
2050_p27_154,2050,2050_p27,2012p27
2050_p27_155,2050,2050_p27,2012p27
2050_p27_156,2050,2050_p27,2012p27
2050_p27_157,2050,2050_p27,2012p27
2050_p27_158,2050,2050_p27,2012p27
2050_p27_159,2050,2050_p27,2012p27
2050_p27_160,2050,2050_p27,2012p27
2050_p27_161,2050,2050_p27,2012p27
2050_p27_162,2050,2050_p27,2012p27
2050_p27_163,2050,2050_p27,2012p27
2050_p27_164,2050,2050_p27,2012p27
2050_p27_165,2050,2050_p27,2012p27
2050_p27_166,2050,2050_p27,2012p27
2050_p27_167,2050,2050_p27,2012p27
