timepoint_id,timestamp,timeseries
1,2050_p11_0,2050_p11
2,2050_p11_1,2050_p11
3,2050_p11_2,2050_p11
4,2050_p11_3,2050_p11
5,2050_p11_4,2050_p11
6,2050_p11_5,2050_p11
7,2050_p11_6,2050_p11
8,2050_p11_7,2050_p11
9,2050_p11_8,2050_p11
10,2050_p11_9,2050_p11
11,2050_p11_10,2050_p11
12,2050_p11_11,2050_p11
13,2050_p11_12,2050_p11
14,2050_p11_13,2050_p11
15,2050_p11_14,2050_p11
16,2050_p11_15,2050_p11
17,2050_p11_16,2050_p11
18,2050_p11_17,2050_p11
19,2050_p11_18,2050_p11
20,2050_p11_19,2050_p11
21,2050_p11_20,2050_p11
22,2050_p11_21,2050_p11
23,2050_p11_22,2050_p11
24,2050_p11_23,2050_p11
25,2050_p11_24,2050_p11
26,2050_p11_25,2050_p11
27,2050_p11_26,2050_p11
28,2050_p11_27,2050_p11
29,2050_p11_28,2050_p11
30,2050_p11_29,2050_p11
31,2050_p11_30,2050_p11
32,2050_p11_31,2050_p11
33,2050_p11_32,2050_p11
34,2050_p11_33,2050_p11
35,2050_p11_34,2050_p11
36,2050_p11_35,2050_p11
37,2050_p11_36,2050_p11
38,2050_p11_37,2050_p11
39,2050_p11_38,2050_p11
40,2050_p11_39,2050_p11
41,2050_p11_40,2050_p11
42,2050_p11_41,2050_p11
43,2050_p11_42,2050_p11
44,2050_p11_43,2050_p11
45,2050_p11_44,2050_p11
46,2050_p11_45,2050_p11
47,2050_p11_46,2050_p11
48,2050_p11_47,2050_p11
49,2050_p11_48,2050_p11
50,2050_p11_49,2050_p11
51,2050_p11_50,2050_p11
52,2050_p11_51,2050_p11
53,2050_p11_52,2050_p11
54,2050_p11_53,2050_p11
55,2050_p11_54,2050_p11
56,2050_p11_55,2050_p11
57,2050_p11_56,2050_p11
58,2050_p11_57,2050_p11
59,2050_p11_58,2050_p11
60,2050_p11_59,2050_p11
61,2050_p11_60,2050_p11
62,2050_p11_61,2050_p11
63,2050_p11_62,2050_p11
64,2050_p11_63,2050_p11
65,2050_p11_64,2050_p11
66,2050_p11_65,2050_p11
67,2050_p11_66,2050_p11
68,2050_p11_67,2050_p11
69,2050_p11_68,2050_p11
70,2050_p11_69,2050_p11
71,2050_p11_70,2050_p11
72,2050_p11_71,2050_p11
73,2050_p11_72,2050_p11
74,2050_p11_73,2050_p11
75,2050_p11_74,2050_p11
76,2050_p11_75,2050_p11
77,2050_p11_76,2050_p11
78,2050_p11_77,2050_p11
79,2050_p11_78,2050_p11
80,2050_p11_79,2050_p11
81,2050_p11_80,2050_p11
82,2050_p11_81,2050_p11
83,2050_p11_82,2050_p11
84,2050_p11_83,2050_p11
85,2050_p11_84,2050_p11
86,2050_p11_85,2050_p11
87,2050_p11_86,2050_p11
88,2050_p11_87,2050_p11
89,2050_p11_88,2050_p11
90,2050_p11_89,2050_p11
91,2050_p11_90,2050_p11
92,2050_p11_91,2050_p11
93,2050_p11_92,2050_p11
94,2050_p11_93,2050_p11
95,2050_p11_94,2050_p11
96,2050_p11_95,2050_p11
97,2050_p11_96,2050_p11
98,2050_p11_97,2050_p11
99,2050_p11_98,2050_p11
100,2050_p11_99,2050_p11
101,2050_p11_100,2050_p11
102,2050_p11_101,2050_p11
103,2050_p11_102,2050_p11
104,2050_p11_103,2050_p11
105,2050_p11_104,2050_p11
106,2050_p11_105,2050_p11
107,2050_p11_106,2050_p11
108,2050_p11_107,2050_p11
109,2050_p11_108,2050_p11
110,2050_p11_109,2050_p11
111,2050_p11_110,2050_p11
112,2050_p11_111,2050_p11
113,2050_p11_112,2050_p11
114,2050_p11_113,2050_p11
115,2050_p11_114,2050_p11
116,2050_p11_115,2050_p11
117,2050_p11_116,2050_p11
118,2050_p11_117,2050_p11
119,2050_p11_118,2050_p11
120,2050_p11_119,2050_p11
121,2050_p11_120,2050_p11
122,2050_p11_121,2050_p11
123,2050_p11_122,2050_p11
124,2050_p11_123,2050_p11
125,2050_p11_124,2050_p11
126,2050_p11_125,2050_p11
127,2050_p11_126,2050_p11
128,2050_p11_127,2050_p11
129,2050_p11_128,2050_p11
130,2050_p11_129,2050_p11
131,2050_p11_130,2050_p11
132,2050_p11_131,2050_p11
133,2050_p11_132,2050_p11
134,2050_p11_133,2050_p11
135,2050_p11_134,2050_p11
136,2050_p11_135,2050_p11
137,2050_p11_136,2050_p11
138,2050_p11_137,2050_p11
139,2050_p11_138,2050_p11
140,2050_p11_139,2050_p11
141,2050_p11_140,2050_p11
142,2050_p11_141,2050_p11
143,2050_p11_142,2050_p11
144,2050_p11_143,2050_p11
145,2050_p11_144,2050_p11
146,2050_p11_145,2050_p11
147,2050_p11_146,2050_p11
148,2050_p11_147,2050_p11
149,2050_p11_148,2050_p11
150,2050_p11_149,2050_p11
151,2050_p11_150,2050_p11
152,2050_p11_151,2050_p11
153,2050_p11_152,2050_p11
154,2050_p11_153,2050_p11
155,2050_p11_154,2050_p11
156,2050_p11_155,2050_p11
157,2050_p11_156,2050_p11
158,2050_p11_157,2050_p11
159,2050_p11_158,2050_p11
160,2050_p11_159,2050_p11
161,2050_p11_160,2050_p11
162,2050_p11_161,2050_p11
163,2050_p11_162,2050_p11
164,2050_p11_163,2050_p11
165,2050_p11_164,2050_p11
166,2050_p11_165,2050_p11
167,2050_p11_166,2050_p11
168,2050_p11_167,2050_p11
169,2050_p42_0,2050_p42
170,2050_p42_1,2050_p42
171,2050_p42_2,2050_p42
172,2050_p42_3,2050_p42
173,2050_p42_4,2050_p42
174,2050_p42_5,2050_p42
175,2050_p42_6,2050_p42
176,2050_p42_7,2050_p42
177,2050_p42_8,2050_p42
178,2050_p42_9,2050_p42
179,2050_p42_10,2050_p42
180,2050_p42_11,2050_p42
181,2050_p42_12,2050_p42
182,2050_p42_13,2050_p42
183,2050_p42_14,2050_p42
184,2050_p42_15,2050_p42
185,2050_p42_16,2050_p42
186,2050_p42_17,2050_p42
187,2050_p42_18,2050_p42
188,2050_p42_19,2050_p42
189,2050_p42_20,2050_p42
190,2050_p42_21,2050_p42
191,2050_p42_22,2050_p42
192,2050_p42_23,2050_p42
193,2050_p42_24,2050_p42
194,2050_p42_25,2050_p42
195,2050_p42_26,2050_p42
196,2050_p42_27,2050_p42
197,2050_p42_28,2050_p42
198,2050_p42_29,2050_p42
199,2050_p42_30,2050_p42
200,2050_p42_31,2050_p42
201,2050_p42_32,2050_p42
202,2050_p42_33,2050_p42
203,2050_p42_34,2050_p42
204,2050_p42_35,2050_p42
205,2050_p42_36,2050_p42
206,2050_p42_37,2050_p42
207,2050_p42_38,2050_p42
208,2050_p42_39,2050_p42
209,2050_p42_40,2050_p42
210,2050_p42_41,2050_p42
211,2050_p42_42,2050_p42
212,2050_p42_43,2050_p42
213,2050_p42_44,2050_p42
214,2050_p42_45,2050_p42
215,2050_p42_46,2050_p42
216,2050_p42_47,2050_p42
217,2050_p42_48,2050_p42
218,2050_p42_49,2050_p42
219,2050_p42_50,2050_p42
220,2050_p42_51,2050_p42
221,2050_p42_52,2050_p42
222,2050_p42_53,2050_p42
223,2050_p42_54,2050_p42
224,2050_p42_55,2050_p42
225,2050_p42_56,2050_p42
226,2050_p42_57,2050_p42
227,2050_p42_58,2050_p42
228,2050_p42_59,2050_p42
229,2050_p42_60,2050_p42
230,2050_p42_61,2050_p42
231,2050_p42_62,2050_p42
232,2050_p42_63,2050_p42
233,2050_p42_64,2050_p42
234,2050_p42_65,2050_p42
235,2050_p42_66,2050_p42
236,2050_p42_67,2050_p42
237,2050_p42_68,2050_p42
238,2050_p42_69,2050_p42
239,2050_p42_70,2050_p42
240,2050_p42_71,2050_p42
241,2050_p42_72,2050_p42
242,2050_p42_73,2050_p42
243,2050_p42_74,2050_p42
244,2050_p42_75,2050_p42
245,2050_p42_76,2050_p42
246,2050_p42_77,2050_p42
247,2050_p42_78,2050_p42
248,2050_p42_79,2050_p42
249,2050_p42_80,2050_p42
250,2050_p42_81,2050_p42
251,2050_p42_82,2050_p42
252,2050_p42_83,2050_p42
253,2050_p42_84,2050_p42
254,2050_p42_85,2050_p42
255,2050_p42_86,2050_p42
256,2050_p42_87,2050_p42
257,2050_p42_88,2050_p42
258,2050_p42_89,2050_p42
259,2050_p42_90,2050_p42
260,2050_p42_91,2050_p42
261,2050_p42_92,2050_p42
262,2050_p42_93,2050_p42
263,2050_p42_94,2050_p42
264,2050_p42_95,2050_p42
265,2050_p42_96,2050_p42
266,2050_p42_97,2050_p42
267,2050_p42_98,2050_p42
268,2050_p42_99,2050_p42
269,2050_p42_100,2050_p42
270,2050_p42_101,2050_p42
271,2050_p42_102,2050_p42
272,2050_p42_103,2050_p42
273,2050_p42_104,2050_p42
274,2050_p42_105,2050_p42
275,2050_p42_106,2050_p42
276,2050_p42_107,2050_p42
277,2050_p42_108,2050_p42
278,2050_p42_109,2050_p42
279,2050_p42_110,2050_p42
280,2050_p42_111,2050_p42
281,2050_p42_112,2050_p42
282,2050_p42_113,2050_p42
283,2050_p42_114,2050_p42
284,2050_p42_115,2050_p42
285,2050_p42_116,2050_p42
286,2050_p42_117,2050_p42
287,2050_p42_118,2050_p42
288,2050_p42_119,2050_p42
289,2050_p42_120,2050_p42
290,2050_p42_121,2050_p42
291,2050_p42_122,2050_p42
292,2050_p42_123,2050_p42
293,2050_p42_124,2050_p42
294,2050_p42_125,2050_p42
295,2050_p42_126,2050_p42
296,2050_p42_127,2050_p42
297,2050_p42_128,2050_p42
298,2050_p42_129,2050_p42
299,2050_p42_130,2050_p42
300,2050_p42_131,2050_p42
301,2050_p42_132,2050_p42
302,2050_p42_133,2050_p42
303,2050_p42_134,2050_p42
304,2050_p42_135,2050_p42
305,2050_p42_136,2050_p42
306,2050_p42_137,2050_p42
307,2050_p42_138,2050_p42
308,2050_p42_139,2050_p42
309,2050_p42_140,2050_p42
310,2050_p42_141,2050_p42
311,2050_p42_142,2050_p42
312,2050_p42_143,2050_p42
313,2050_p42_144,2050_p42
314,2050_p42_145,2050_p42
315,2050_p42_146,2050_p42
316,2050_p42_147,2050_p42
317,2050_p42_148,2050_p42
318,2050_p42_149,2050_p42
319,2050_p42_150,2050_p42
320,2050_p42_151,2050_p42
321,2050_p42_152,2050_p42
322,2050_p42_153,2050_p42
323,2050_p42_154,2050_p42
324,2050_p42_155,2050_p42
325,2050_p42_156,2050_p42
326,2050_p42_157,2050_p42
327,2050_p42_158,2050_p42
328,2050_p42_159,2050_p42
329,2050_p42_160,2050_p42
330,2050_p42_161,2050_p42
331,2050_p42_162,2050_p42
332,2050_p42_163,2050_p42
333,2050_p42_164,2050_p42
334,2050_p42_165,2050_p42
335,2050_p42_166,2050_p42
336,2050_p42_167,2050_p42
337,2050_p33_0,2050_p33
338,2050_p33_1,2050_p33
339,2050_p33_2,2050_p33
340,2050_p33_3,2050_p33
341,2050_p33_4,2050_p33
342,2050_p33_5,2050_p33
343,2050_p33_6,2050_p33
344,2050_p33_7,2050_p33
345,2050_p33_8,2050_p33
346,2050_p33_9,2050_p33
347,2050_p33_10,2050_p33
348,2050_p33_11,2050_p33
349,2050_p33_12,2050_p33
350,2050_p33_13,2050_p33
351,2050_p33_14,2050_p33
352,2050_p33_15,2050_p33
353,2050_p33_16,2050_p33
354,2050_p33_17,2050_p33
355,2050_p33_18,2050_p33
356,2050_p33_19,2050_p33
357,2050_p33_20,2050_p33
358,2050_p33_21,2050_p33
359,2050_p33_22,2050_p33
360,2050_p33_23,2050_p33
361,2050_p33_24,2050_p33
362,2050_p33_25,2050_p33
363,2050_p33_26,2050_p33
364,2050_p33_27,2050_p33
365,2050_p33_28,2050_p33
366,2050_p33_29,2050_p33
367,2050_p33_30,2050_p33
368,2050_p33_31,2050_p33
369,2050_p33_32,2050_p33
370,2050_p33_33,2050_p33
371,2050_p33_34,2050_p33
372,2050_p33_35,2050_p33
373,2050_p33_36,2050_p33
374,2050_p33_37,2050_p33
375,2050_p33_38,2050_p33
376,2050_p33_39,2050_p33
377,2050_p33_40,2050_p33
378,2050_p33_41,2050_p33
379,2050_p33_42,2050_p33
380,2050_p33_43,2050_p33
381,2050_p33_44,2050_p33
382,2050_p33_45,2050_p33
383,2050_p33_46,2050_p33
384,2050_p33_47,2050_p33
385,2050_p33_48,2050_p33
386,2050_p33_49,2050_p33
387,2050_p33_50,2050_p33
388,2050_p33_51,2050_p33
389,2050_p33_52,2050_p33
390,2050_p33_53,2050_p33
391,2050_p33_54,2050_p33
392,2050_p33_55,2050_p33
393,2050_p33_56,2050_p33
394,2050_p33_57,2050_p33
395,2050_p33_58,2050_p33
396,2050_p33_59,2050_p33
397,2050_p33_60,2050_p33
398,2050_p33_61,2050_p33
399,2050_p33_62,2050_p33
400,2050_p33_63,2050_p33
401,2050_p33_64,2050_p33
402,2050_p33_65,2050_p33
403,2050_p33_66,2050_p33
404,2050_p33_67,2050_p33
405,2050_p33_68,2050_p33
406,2050_p33_69,2050_p33
407,2050_p33_70,2050_p33
408,2050_p33_71,2050_p33
409,2050_p33_72,2050_p33
410,2050_p33_73,2050_p33
411,2050_p33_74,2050_p33
412,2050_p33_75,2050_p33
413,2050_p33_76,2050_p33
414,2050_p33_77,2050_p33
415,2050_p33_78,2050_p33
416,2050_p33_79,2050_p33
417,2050_p33_80,2050_p33
418,2050_p33_81,2050_p33
419,2050_p33_82,2050_p33
420,2050_p33_83,2050_p33
421,2050_p33_84,2050_p33
422,2050_p33_85,2050_p33
423,2050_p33_86,2050_p33
424,2050_p33_87,2050_p33
425,2050_p33_88,2050_p33
426,2050_p33_89,2050_p33
427,2050_p33_90,2050_p33
428,2050_p33_91,2050_p33
429,2050_p33_92,2050_p33
430,2050_p33_93,2050_p33
431,2050_p33_94,2050_p33
432,2050_p33_95,2050_p33
433,2050_p33_96,2050_p33
434,2050_p33_97,2050_p33
435,2050_p33_98,2050_p33
436,2050_p33_99,2050_p33
437,2050_p33_100,2050_p33
438,2050_p33_101,2050_p33
439,2050_p33_102,2050_p33
440,2050_p33_103,2050_p33
441,2050_p33_104,2050_p33
442,2050_p33_105,2050_p33
443,2050_p33_106,2050_p33
444,2050_p33_107,2050_p33
445,2050_p33_108,2050_p33
446,2050_p33_109,2050_p33
447,2050_p33_110,2050_p33
448,2050_p33_111,2050_p33
449,2050_p33_112,2050_p33
450,2050_p33_113,2050_p33
451,2050_p33_114,2050_p33
452,2050_p33_115,2050_p33
453,2050_p33_116,2050_p33
454,2050_p33_117,2050_p33
455,2050_p33_118,2050_p33
456,2050_p33_119,2050_p33
457,2050_p33_120,2050_p33
458,2050_p33_121,2050_p33
459,2050_p33_122,2050_p33
460,2050_p33_123,2050_p33
461,2050_p33_124,2050_p33
462,2050_p33_125,2050_p33
463,2050_p33_126,2050_p33
464,2050_p33_127,2050_p33
465,2050_p33_128,2050_p33
466,2050_p33_129,2050_p33
467,2050_p33_130,2050_p33
468,2050_p33_131,2050_p33
469,2050_p33_132,2050_p33
470,2050_p33_133,2050_p33
471,2050_p33_134,2050_p33
472,2050_p33_135,2050_p33
473,2050_p33_136,2050_p33
474,2050_p33_137,2050_p33
475,2050_p33_138,2050_p33
476,2050_p33_139,2050_p33
477,2050_p33_140,2050_p33
478,2050_p33_141,2050_p33
479,2050_p33_142,2050_p33
480,2050_p33_143,2050_p33
481,2050_p33_144,2050_p33
482,2050_p33_145,2050_p33
483,2050_p33_146,2050_p33
484,2050_p33_147,2050_p33
485,2050_p33_148,2050_p33
486,2050_p33_149,2050_p33
487,2050_p33_150,2050_p33
488,2050_p33_151,2050_p33
489,2050_p33_152,2050_p33
490,2050_p33_153,2050_p33
491,2050_p33_154,2050_p33
492,2050_p33_155,2050_p33
493,2050_p33_156,2050_p33
494,2050_p33_157,2050_p33
495,2050_p33_158,2050_p33
496,2050_p33_159,2050_p33
497,2050_p33_160,2050_p33
498,2050_p33_161,2050_p33
499,2050_p33_162,2050_p33
500,2050_p33_163,2050_p33
501,2050_p33_164,2050_p33
502,2050_p33_165,2050_p33
503,2050_p33_166,2050_p33
504,2050_p33_167,2050_p33
505,2050_p16_0,2050_p16
506,2050_p16_1,2050_p16
507,2050_p16_2,2050_p16
508,2050_p16_3,2050_p16
509,2050_p16_4,2050_p16
510,2050_p16_5,2050_p16
511,2050_p16_6,2050_p16
512,2050_p16_7,2050_p16
513,2050_p16_8,2050_p16
514,2050_p16_9,2050_p16
515,2050_p16_10,2050_p16
516,2050_p16_11,2050_p16
517,2050_p16_12,2050_p16
518,2050_p16_13,2050_p16
519,2050_p16_14,2050_p16
520,2050_p16_15,2050_p16
521,2050_p16_16,2050_p16
522,2050_p16_17,2050_p16
523,2050_p16_18,2050_p16
524,2050_p16_19,2050_p16
525,2050_p16_20,2050_p16
526,2050_p16_21,2050_p16
527,2050_p16_22,2050_p16
528,2050_p16_23,2050_p16
529,2050_p16_24,2050_p16
530,2050_p16_25,2050_p16
531,2050_p16_26,2050_p16
532,2050_p16_27,2050_p16
533,2050_p16_28,2050_p16
534,2050_p16_29,2050_p16
535,2050_p16_30,2050_p16
536,2050_p16_31,2050_p16
537,2050_p16_32,2050_p16
538,2050_p16_33,2050_p16
539,2050_p16_34,2050_p16
540,2050_p16_35,2050_p16
541,2050_p16_36,2050_p16
542,2050_p16_37,2050_p16
543,2050_p16_38,2050_p16
544,2050_p16_39,2050_p16
545,2050_p16_40,2050_p16
546,2050_p16_41,2050_p16
547,2050_p16_42,2050_p16
548,2050_p16_43,2050_p16
549,2050_p16_44,2050_p16
550,2050_p16_45,2050_p16
551,2050_p16_46,2050_p16
552,2050_p16_47,2050_p16
553,2050_p16_48,2050_p16
554,2050_p16_49,2050_p16
555,2050_p16_50,2050_p16
556,2050_p16_51,2050_p16
557,2050_p16_52,2050_p16
558,2050_p16_53,2050_p16
559,2050_p16_54,2050_p16
560,2050_p16_55,2050_p16
561,2050_p16_56,2050_p16
562,2050_p16_57,2050_p16
563,2050_p16_58,2050_p16
564,2050_p16_59,2050_p16
565,2050_p16_60,2050_p16
566,2050_p16_61,2050_p16
567,2050_p16_62,2050_p16
568,2050_p16_63,2050_p16
569,2050_p16_64,2050_p16
570,2050_p16_65,2050_p16
571,2050_p16_66,2050_p16
572,2050_p16_67,2050_p16
573,2050_p16_68,2050_p16
574,2050_p16_69,2050_p16
575,2050_p16_70,2050_p16
576,2050_p16_71,2050_p16
577,2050_p16_72,2050_p16
578,2050_p16_73,2050_p16
579,2050_p16_74,2050_p16
580,2050_p16_75,2050_p16
581,2050_p16_76,2050_p16
582,2050_p16_77,2050_p16
583,2050_p16_78,2050_p16
584,2050_p16_79,2050_p16
585,2050_p16_80,2050_p16
586,2050_p16_81,2050_p16
587,2050_p16_82,2050_p16
588,2050_p16_83,2050_p16
589,2050_p16_84,2050_p16
590,2050_p16_85,2050_p16
591,2050_p16_86,2050_p16
592,2050_p16_87,2050_p16
593,2050_p16_88,2050_p16
594,2050_p16_89,2050_p16
595,2050_p16_90,2050_p16
596,2050_p16_91,2050_p16
597,2050_p16_92,2050_p16
598,2050_p16_93,2050_p16
599,2050_p16_94,2050_p16
600,2050_p16_95,2050_p16
601,2050_p16_96,2050_p16
602,2050_p16_97,2050_p16
603,2050_p16_98,2050_p16
604,2050_p16_99,2050_p16
605,2050_p16_100,2050_p16
606,2050_p16_101,2050_p16
607,2050_p16_102,2050_p16
608,2050_p16_103,2050_p16
609,2050_p16_104,2050_p16
610,2050_p16_105,2050_p16
611,2050_p16_106,2050_p16
612,2050_p16_107,2050_p16
613,2050_p16_108,2050_p16
614,2050_p16_109,2050_p16
615,2050_p16_110,2050_p16
616,2050_p16_111,2050_p16
617,2050_p16_112,2050_p16
618,2050_p16_113,2050_p16
619,2050_p16_114,2050_p16
620,2050_p16_115,2050_p16
621,2050_p16_116,2050_p16
622,2050_p16_117,2050_p16
623,2050_p16_118,2050_p16
624,2050_p16_119,2050_p16
625,2050_p16_120,2050_p16
626,2050_p16_121,2050_p16
627,2050_p16_122,2050_p16
628,2050_p16_123,2050_p16
629,2050_p16_124,2050_p16
630,2050_p16_125,2050_p16
631,2050_p16_126,2050_p16
632,2050_p16_127,2050_p16
633,2050_p16_128,2050_p16
634,2050_p16_129,2050_p16
635,2050_p16_130,2050_p16
636,2050_p16_131,2050_p16
637,2050_p16_132,2050_p16
638,2050_p16_133,2050_p16
639,2050_p16_134,2050_p16
640,2050_p16_135,2050_p16
641,2050_p16_136,2050_p16
642,2050_p16_137,2050_p16
643,2050_p16_138,2050_p16
644,2050_p16_139,2050_p16
645,2050_p16_140,2050_p16
646,2050_p16_141,2050_p16
647,2050_p16_142,2050_p16
648,2050_p16_143,2050_p16
649,2050_p16_144,2050_p16
650,2050_p16_145,2050_p16
651,2050_p16_146,2050_p16
652,2050_p16_147,2050_p16
653,2050_p16_148,2050_p16
654,2050_p16_149,2050_p16
655,2050_p16_150,2050_p16
656,2050_p16_151,2050_p16
657,2050_p16_152,2050_p16
658,2050_p16_153,2050_p16
659,2050_p16_154,2050_p16
660,2050_p16_155,2050_p16
661,2050_p16_156,2050_p16
662,2050_p16_157,2050_p16
663,2050_p16_158,2050_p16
664,2050_p16_159,2050_p16
665,2050_p16_160,2050_p16
666,2050_p16_161,2050_p16
667,2050_p16_162,2050_p16
668,2050_p16_163,2050_p16
669,2050_p16_164,2050_p16
670,2050_p16_165,2050_p16
671,2050_p16_166,2050_p16
672,2050_p16_167,2050_p16
673,2050_p22_0,2050_p22
674,2050_p22_1,2050_p22
675,2050_p22_2,2050_p22
676,2050_p22_3,2050_p22
677,2050_p22_4,2050_p22
678,2050_p22_5,2050_p22
679,2050_p22_6,2050_p22
680,2050_p22_7,2050_p22
681,2050_p22_8,2050_p22
682,2050_p22_9,2050_p22
683,2050_p22_10,2050_p22
684,2050_p22_11,2050_p22
685,2050_p22_12,2050_p22
686,2050_p22_13,2050_p22
687,2050_p22_14,2050_p22
688,2050_p22_15,2050_p22
689,2050_p22_16,2050_p22
690,2050_p22_17,2050_p22
691,2050_p22_18,2050_p22
692,2050_p22_19,2050_p22
693,2050_p22_20,2050_p22
694,2050_p22_21,2050_p22
695,2050_p22_22,2050_p22
696,2050_p22_23,2050_p22
697,2050_p22_24,2050_p22
698,2050_p22_25,2050_p22
699,2050_p22_26,2050_p22
700,2050_p22_27,2050_p22
701,2050_p22_28,2050_p22
702,2050_p22_29,2050_p22
703,2050_p22_30,2050_p22
704,2050_p22_31,2050_p22
705,2050_p22_32,2050_p22
706,2050_p22_33,2050_p22
707,2050_p22_34,2050_p22
708,2050_p22_35,2050_p22
709,2050_p22_36,2050_p22
710,2050_p22_37,2050_p22
711,2050_p22_38,2050_p22
712,2050_p22_39,2050_p22
713,2050_p22_40,2050_p22
714,2050_p22_41,2050_p22
715,2050_p22_42,2050_p22
716,2050_p22_43,2050_p22
717,2050_p22_44,2050_p22
718,2050_p22_45,2050_p22
719,2050_p22_46,2050_p22
720,2050_p22_47,2050_p22
721,2050_p22_48,2050_p22
722,2050_p22_49,2050_p22
723,2050_p22_50,2050_p22
724,2050_p22_51,2050_p22
725,2050_p22_52,2050_p22
726,2050_p22_53,2050_p22
727,2050_p22_54,2050_p22
728,2050_p22_55,2050_p22
729,2050_p22_56,2050_p22
730,2050_p22_57,2050_p22
731,2050_p22_58,2050_p22
732,2050_p22_59,2050_p22
733,2050_p22_60,2050_p22
734,2050_p22_61,2050_p22
735,2050_p22_62,2050_p22
736,2050_p22_63,2050_p22
737,2050_p22_64,2050_p22
738,2050_p22_65,2050_p22
739,2050_p22_66,2050_p22
740,2050_p22_67,2050_p22
741,2050_p22_68,2050_p22
742,2050_p22_69,2050_p22
743,2050_p22_70,2050_p22
744,2050_p22_71,2050_p22
745,2050_p22_72,2050_p22
746,2050_p22_73,2050_p22
747,2050_p22_74,2050_p22
748,2050_p22_75,2050_p22
749,2050_p22_76,2050_p22
750,2050_p22_77,2050_p22
751,2050_p22_78,2050_p22
752,2050_p22_79,2050_p22
753,2050_p22_80,2050_p22
754,2050_p22_81,2050_p22
755,2050_p22_82,2050_p22
756,2050_p22_83,2050_p22
757,2050_p22_84,2050_p22
758,2050_p22_85,2050_p22
759,2050_p22_86,2050_p22
760,2050_p22_87,2050_p22
761,2050_p22_88,2050_p22
762,2050_p22_89,2050_p22
763,2050_p22_90,2050_p22
764,2050_p22_91,2050_p22
765,2050_p22_92,2050_p22
766,2050_p22_93,2050_p22
767,2050_p22_94,2050_p22
768,2050_p22_95,2050_p22
769,2050_p22_96,2050_p22
770,2050_p22_97,2050_p22
771,2050_p22_98,2050_p22
772,2050_p22_99,2050_p22
773,2050_p22_100,2050_p22
774,2050_p22_101,2050_p22
775,2050_p22_102,2050_p22
776,2050_p22_103,2050_p22
777,2050_p22_104,2050_p22
778,2050_p22_105,2050_p22
779,2050_p22_106,2050_p22
780,2050_p22_107,2050_p22
781,2050_p22_108,2050_p22
782,2050_p22_109,2050_p22
783,2050_p22_110,2050_p22
784,2050_p22_111,2050_p22
785,2050_p22_112,2050_p22
786,2050_p22_113,2050_p22
787,2050_p22_114,2050_p22
788,2050_p22_115,2050_p22
789,2050_p22_116,2050_p22
790,2050_p22_117,2050_p22
791,2050_p22_118,2050_p22
792,2050_p22_119,2050_p22
793,2050_p22_120,2050_p22
794,2050_p22_121,2050_p22
795,2050_p22_122,2050_p22
796,2050_p22_123,2050_p22
797,2050_p22_124,2050_p22
798,2050_p22_125,2050_p22
799,2050_p22_126,2050_p22
800,2050_p22_127,2050_p22
801,2050_p22_128,2050_p22
802,2050_p22_129,2050_p22
803,2050_p22_130,2050_p22
804,2050_p22_131,2050_p22
805,2050_p22_132,2050_p22
806,2050_p22_133,2050_p22
807,2050_p22_134,2050_p22
808,2050_p22_135,2050_p22
809,2050_p22_136,2050_p22
810,2050_p22_137,2050_p22
811,2050_p22_138,2050_p22
812,2050_p22_139,2050_p22
813,2050_p22_140,2050_p22
814,2050_p22_141,2050_p22
815,2050_p22_142,2050_p22
816,2050_p22_143,2050_p22
817,2050_p22_144,2050_p22
818,2050_p22_145,2050_p22
819,2050_p22_146,2050_p22
820,2050_p22_147,2050_p22
821,2050_p22_148,2050_p22
822,2050_p22_149,2050_p22
823,2050_p22_150,2050_p22
824,2050_p22_151,2050_p22
825,2050_p22_152,2050_p22
826,2050_p22_153,2050_p22
827,2050_p22_154,2050_p22
828,2050_p22_155,2050_p22
829,2050_p22_156,2050_p22
830,2050_p22_157,2050_p22
831,2050_p22_158,2050_p22
832,2050_p22_159,2050_p22
833,2050_p22_160,2050_p22
834,2050_p22_161,2050_p22
835,2050_p22_162,2050_p22
836,2050_p22_163,2050_p22
837,2050_p22_164,2050_p22
838,2050_p22_165,2050_p22
839,2050_p22_166,2050_p22
840,2050_p22_167,2050_p22
841,2050_p1_0,2050_p1
842,2050_p1_1,2050_p1
843,2050_p1_2,2050_p1
844,2050_p1_3,2050_p1
845,2050_p1_4,2050_p1
846,2050_p1_5,2050_p1
847,2050_p1_6,2050_p1
848,2050_p1_7,2050_p1
849,2050_p1_8,2050_p1
850,2050_p1_9,2050_p1
851,2050_p1_10,2050_p1
852,2050_p1_11,2050_p1
853,2050_p1_12,2050_p1
854,2050_p1_13,2050_p1
855,2050_p1_14,2050_p1
856,2050_p1_15,2050_p1
857,2050_p1_16,2050_p1
858,2050_p1_17,2050_p1
859,2050_p1_18,2050_p1
860,2050_p1_19,2050_p1
861,2050_p1_20,2050_p1
862,2050_p1_21,2050_p1
863,2050_p1_22,2050_p1
864,2050_p1_23,2050_p1
865,2050_p1_24,2050_p1
866,2050_p1_25,2050_p1
867,2050_p1_26,2050_p1
868,2050_p1_27,2050_p1
869,2050_p1_28,2050_p1
870,2050_p1_29,2050_p1
871,2050_p1_30,2050_p1
872,2050_p1_31,2050_p1
873,2050_p1_32,2050_p1
874,2050_p1_33,2050_p1
875,2050_p1_34,2050_p1
876,2050_p1_35,2050_p1
877,2050_p1_36,2050_p1
878,2050_p1_37,2050_p1
879,2050_p1_38,2050_p1
880,2050_p1_39,2050_p1
881,2050_p1_40,2050_p1
882,2050_p1_41,2050_p1
883,2050_p1_42,2050_p1
884,2050_p1_43,2050_p1
885,2050_p1_44,2050_p1
886,2050_p1_45,2050_p1
887,2050_p1_46,2050_p1
888,2050_p1_47,2050_p1
889,2050_p1_48,2050_p1
890,2050_p1_49,2050_p1
891,2050_p1_50,2050_p1
892,2050_p1_51,2050_p1
893,2050_p1_52,2050_p1
894,2050_p1_53,2050_p1
895,2050_p1_54,2050_p1
896,2050_p1_55,2050_p1
897,2050_p1_56,2050_p1
898,2050_p1_57,2050_p1
899,2050_p1_58,2050_p1
900,2050_p1_59,2050_p1
901,2050_p1_60,2050_p1
902,2050_p1_61,2050_p1
903,2050_p1_62,2050_p1
904,2050_p1_63,2050_p1
905,2050_p1_64,2050_p1
906,2050_p1_65,2050_p1
907,2050_p1_66,2050_p1
908,2050_p1_67,2050_p1
909,2050_p1_68,2050_p1
910,2050_p1_69,2050_p1
911,2050_p1_70,2050_p1
912,2050_p1_71,2050_p1
913,2050_p1_72,2050_p1
914,2050_p1_73,2050_p1
915,2050_p1_74,2050_p1
916,2050_p1_75,2050_p1
917,2050_p1_76,2050_p1
918,2050_p1_77,2050_p1
919,2050_p1_78,2050_p1
920,2050_p1_79,2050_p1
921,2050_p1_80,2050_p1
922,2050_p1_81,2050_p1
923,2050_p1_82,2050_p1
924,2050_p1_83,2050_p1
925,2050_p1_84,2050_p1
926,2050_p1_85,2050_p1
927,2050_p1_86,2050_p1
928,2050_p1_87,2050_p1
929,2050_p1_88,2050_p1
930,2050_p1_89,2050_p1
931,2050_p1_90,2050_p1
932,2050_p1_91,2050_p1
933,2050_p1_92,2050_p1
934,2050_p1_93,2050_p1
935,2050_p1_94,2050_p1
936,2050_p1_95,2050_p1
937,2050_p1_96,2050_p1
938,2050_p1_97,2050_p1
939,2050_p1_98,2050_p1
940,2050_p1_99,2050_p1
941,2050_p1_100,2050_p1
942,2050_p1_101,2050_p1
943,2050_p1_102,2050_p1
944,2050_p1_103,2050_p1
945,2050_p1_104,2050_p1
946,2050_p1_105,2050_p1
947,2050_p1_106,2050_p1
948,2050_p1_107,2050_p1
949,2050_p1_108,2050_p1
950,2050_p1_109,2050_p1
951,2050_p1_110,2050_p1
952,2050_p1_111,2050_p1
953,2050_p1_112,2050_p1
954,2050_p1_113,2050_p1
955,2050_p1_114,2050_p1
956,2050_p1_115,2050_p1
957,2050_p1_116,2050_p1
958,2050_p1_117,2050_p1
959,2050_p1_118,2050_p1
960,2050_p1_119,2050_p1
961,2050_p1_120,2050_p1
962,2050_p1_121,2050_p1
963,2050_p1_122,2050_p1
964,2050_p1_123,2050_p1
965,2050_p1_124,2050_p1
966,2050_p1_125,2050_p1
967,2050_p1_126,2050_p1
968,2050_p1_127,2050_p1
969,2050_p1_128,2050_p1
970,2050_p1_129,2050_p1
971,2050_p1_130,2050_p1
972,2050_p1_131,2050_p1
973,2050_p1_132,2050_p1
974,2050_p1_133,2050_p1
975,2050_p1_134,2050_p1
976,2050_p1_135,2050_p1
977,2050_p1_136,2050_p1
978,2050_p1_137,2050_p1
979,2050_p1_138,2050_p1
980,2050_p1_139,2050_p1
981,2050_p1_140,2050_p1
982,2050_p1_141,2050_p1
983,2050_p1_142,2050_p1
984,2050_p1_143,2050_p1
985,2050_p1_144,2050_p1
986,2050_p1_145,2050_p1
987,2050_p1_146,2050_p1
988,2050_p1_147,2050_p1
989,2050_p1_148,2050_p1
990,2050_p1_149,2050_p1
991,2050_p1_150,2050_p1
992,2050_p1_151,2050_p1
993,2050_p1_152,2050_p1
994,2050_p1_153,2050_p1
995,2050_p1_154,2050_p1
996,2050_p1_155,2050_p1
997,2050_p1_156,2050_p1
998,2050_p1_157,2050_p1
999,2050_p1_158,2050_p1
1000,2050_p1_159,2050_p1
1001,2050_p1_160,2050_p1
1002,2050_p1_161,2050_p1
1003,2050_p1_162,2050_p1
1004,2050_p1_163,2050_p1
1005,2050_p1_164,2050_p1
1006,2050_p1_165,2050_p1
1007,2050_p1_166,2050_p1
1008,2050_p1_167,2050_p1
1009,2050_p6_0,2050_p6
1010,2050_p6_1,2050_p6
1011,2050_p6_2,2050_p6
1012,2050_p6_3,2050_p6
1013,2050_p6_4,2050_p6
1014,2050_p6_5,2050_p6
1015,2050_p6_6,2050_p6
1016,2050_p6_7,2050_p6
1017,2050_p6_8,2050_p6
1018,2050_p6_9,2050_p6
1019,2050_p6_10,2050_p6
1020,2050_p6_11,2050_p6
1021,2050_p6_12,2050_p6
1022,2050_p6_13,2050_p6
1023,2050_p6_14,2050_p6
1024,2050_p6_15,2050_p6
1025,2050_p6_16,2050_p6
1026,2050_p6_17,2050_p6
1027,2050_p6_18,2050_p6
1028,2050_p6_19,2050_p6
1029,2050_p6_20,2050_p6
1030,2050_p6_21,2050_p6
1031,2050_p6_22,2050_p6
1032,2050_p6_23,2050_p6
1033,2050_p6_24,2050_p6
1034,2050_p6_25,2050_p6
1035,2050_p6_26,2050_p6
1036,2050_p6_27,2050_p6
1037,2050_p6_28,2050_p6
1038,2050_p6_29,2050_p6
1039,2050_p6_30,2050_p6
1040,2050_p6_31,2050_p6
1041,2050_p6_32,2050_p6
1042,2050_p6_33,2050_p6
1043,2050_p6_34,2050_p6
1044,2050_p6_35,2050_p6
1045,2050_p6_36,2050_p6
1046,2050_p6_37,2050_p6
1047,2050_p6_38,2050_p6
1048,2050_p6_39,2050_p6
1049,2050_p6_40,2050_p6
1050,2050_p6_41,2050_p6
1051,2050_p6_42,2050_p6
1052,2050_p6_43,2050_p6
1053,2050_p6_44,2050_p6
1054,2050_p6_45,2050_p6
1055,2050_p6_46,2050_p6
1056,2050_p6_47,2050_p6
1057,2050_p6_48,2050_p6
1058,2050_p6_49,2050_p6
1059,2050_p6_50,2050_p6
1060,2050_p6_51,2050_p6
1061,2050_p6_52,2050_p6
1062,2050_p6_53,2050_p6
1063,2050_p6_54,2050_p6
1064,2050_p6_55,2050_p6
1065,2050_p6_56,2050_p6
1066,2050_p6_57,2050_p6
1067,2050_p6_58,2050_p6
1068,2050_p6_59,2050_p6
1069,2050_p6_60,2050_p6
1070,2050_p6_61,2050_p6
1071,2050_p6_62,2050_p6
1072,2050_p6_63,2050_p6
1073,2050_p6_64,2050_p6
1074,2050_p6_65,2050_p6
1075,2050_p6_66,2050_p6
1076,2050_p6_67,2050_p6
1077,2050_p6_68,2050_p6
1078,2050_p6_69,2050_p6
1079,2050_p6_70,2050_p6
1080,2050_p6_71,2050_p6
1081,2050_p6_72,2050_p6
1082,2050_p6_73,2050_p6
1083,2050_p6_74,2050_p6
1084,2050_p6_75,2050_p6
1085,2050_p6_76,2050_p6
1086,2050_p6_77,2050_p6
1087,2050_p6_78,2050_p6
1088,2050_p6_79,2050_p6
1089,2050_p6_80,2050_p6
1090,2050_p6_81,2050_p6
1091,2050_p6_82,2050_p6
1092,2050_p6_83,2050_p6
1093,2050_p6_84,2050_p6
1094,2050_p6_85,2050_p6
1095,2050_p6_86,2050_p6
1096,2050_p6_87,2050_p6
1097,2050_p6_88,2050_p6
1098,2050_p6_89,2050_p6
1099,2050_p6_90,2050_p6
1100,2050_p6_91,2050_p6
1101,2050_p6_92,2050_p6
1102,2050_p6_93,2050_p6
1103,2050_p6_94,2050_p6
1104,2050_p6_95,2050_p6
1105,2050_p6_96,2050_p6
1106,2050_p6_97,2050_p6
1107,2050_p6_98,2050_p6
1108,2050_p6_99,2050_p6
1109,2050_p6_100,2050_p6
1110,2050_p6_101,2050_p6
1111,2050_p6_102,2050_p6
1112,2050_p6_103,2050_p6
1113,2050_p6_104,2050_p6
1114,2050_p6_105,2050_p6
1115,2050_p6_106,2050_p6
1116,2050_p6_107,2050_p6
1117,2050_p6_108,2050_p6
1118,2050_p6_109,2050_p6
1119,2050_p6_110,2050_p6
1120,2050_p6_111,2050_p6
1121,2050_p6_112,2050_p6
1122,2050_p6_113,2050_p6
1123,2050_p6_114,2050_p6
1124,2050_p6_115,2050_p6
1125,2050_p6_116,2050_p6
1126,2050_p6_117,2050_p6
1127,2050_p6_118,2050_p6
1128,2050_p6_119,2050_p6
1129,2050_p6_120,2050_p6
1130,2050_p6_121,2050_p6
1131,2050_p6_122,2050_p6
1132,2050_p6_123,2050_p6
1133,2050_p6_124,2050_p6
1134,2050_p6_125,2050_p6
1135,2050_p6_126,2050_p6
1136,2050_p6_127,2050_p6
1137,2050_p6_128,2050_p6
1138,2050_p6_129,2050_p6
1139,2050_p6_130,2050_p6
1140,2050_p6_131,2050_p6
1141,2050_p6_132,2050_p6
1142,2050_p6_133,2050_p6
1143,2050_p6_134,2050_p6
1144,2050_p6_135,2050_p6
1145,2050_p6_136,2050_p6
1146,2050_p6_137,2050_p6
1147,2050_p6_138,2050_p6
1148,2050_p6_139,2050_p6
1149,2050_p6_140,2050_p6
1150,2050_p6_141,2050_p6
1151,2050_p6_142,2050_p6
1152,2050_p6_143,2050_p6
1153,2050_p6_144,2050_p6
1154,2050_p6_145,2050_p6
1155,2050_p6_146,2050_p6
1156,2050_p6_147,2050_p6
1157,2050_p6_148,2050_p6
1158,2050_p6_149,2050_p6
1159,2050_p6_150,2050_p6
1160,2050_p6_151,2050_p6
1161,2050_p6_152,2050_p6
1162,2050_p6_153,2050_p6
1163,2050_p6_154,2050_p6
1164,2050_p6_155,2050_p6
1165,2050_p6_156,2050_p6
1166,2050_p6_157,2050_p6
1167,2050_p6_158,2050_p6
1168,2050_p6_159,2050_p6
1169,2050_p6_160,2050_p6
1170,2050_p6_161,2050_p6
1171,2050_p6_162,2050_p6
1172,2050_p6_163,2050_p6
1173,2050_p6_164,2050_p6
1174,2050_p6_165,2050_p6
1175,2050_p6_166,2050_p6
1176,2050_p6_167,2050_p6
1177,2050_p48_0,2050_p48
1178,2050_p48_1,2050_p48
1179,2050_p48_2,2050_p48
1180,2050_p48_3,2050_p48
1181,2050_p48_4,2050_p48
1182,2050_p48_5,2050_p48
1183,2050_p48_6,2050_p48
1184,2050_p48_7,2050_p48
1185,2050_p48_8,2050_p48
1186,2050_p48_9,2050_p48
1187,2050_p48_10,2050_p48
1188,2050_p48_11,2050_p48
1189,2050_p48_12,2050_p48
1190,2050_p48_13,2050_p48
1191,2050_p48_14,2050_p48
1192,2050_p48_15,2050_p48
1193,2050_p48_16,2050_p48
1194,2050_p48_17,2050_p48
1195,2050_p48_18,2050_p48
1196,2050_p48_19,2050_p48
1197,2050_p48_20,2050_p48
1198,2050_p48_21,2050_p48
1199,2050_p48_22,2050_p48
1200,2050_p48_23,2050_p48
1201,2050_p48_24,2050_p48
1202,2050_p48_25,2050_p48
1203,2050_p48_26,2050_p48
1204,2050_p48_27,2050_p48
1205,2050_p48_28,2050_p48
1206,2050_p48_29,2050_p48
1207,2050_p48_30,2050_p48
1208,2050_p48_31,2050_p48
1209,2050_p48_32,2050_p48
1210,2050_p48_33,2050_p48
1211,2050_p48_34,2050_p48
1212,2050_p48_35,2050_p48
1213,2050_p48_36,2050_p48
1214,2050_p48_37,2050_p48
1215,2050_p48_38,2050_p48
1216,2050_p48_39,2050_p48
1217,2050_p48_40,2050_p48
1218,2050_p48_41,2050_p48
1219,2050_p48_42,2050_p48
1220,2050_p48_43,2050_p48
1221,2050_p48_44,2050_p48
1222,2050_p48_45,2050_p48
1223,2050_p48_46,2050_p48
1224,2050_p48_47,2050_p48
1225,2050_p48_48,2050_p48
1226,2050_p48_49,2050_p48
1227,2050_p48_50,2050_p48
1228,2050_p48_51,2050_p48
1229,2050_p48_52,2050_p48
1230,2050_p48_53,2050_p48
1231,2050_p48_54,2050_p48
1232,2050_p48_55,2050_p48
1233,2050_p48_56,2050_p48
1234,2050_p48_57,2050_p48
1235,2050_p48_58,2050_p48
1236,2050_p48_59,2050_p48
1237,2050_p48_60,2050_p48
1238,2050_p48_61,2050_p48
1239,2050_p48_62,2050_p48
1240,2050_p48_63,2050_p48
1241,2050_p48_64,2050_p48
1242,2050_p48_65,2050_p48
1243,2050_p48_66,2050_p48
1244,2050_p48_67,2050_p48
1245,2050_p48_68,2050_p48
1246,2050_p48_69,2050_p48
1247,2050_p48_70,2050_p48
1248,2050_p48_71,2050_p48
1249,2050_p48_72,2050_p48
1250,2050_p48_73,2050_p48
1251,2050_p48_74,2050_p48
1252,2050_p48_75,2050_p48
1253,2050_p48_76,2050_p48
1254,2050_p48_77,2050_p48
1255,2050_p48_78,2050_p48
1256,2050_p48_79,2050_p48
1257,2050_p48_80,2050_p48
1258,2050_p48_81,2050_p48
1259,2050_p48_82,2050_p48
1260,2050_p48_83,2050_p48
1261,2050_p48_84,2050_p48
1262,2050_p48_85,2050_p48
1263,2050_p48_86,2050_p48
1264,2050_p48_87,2050_p48
1265,2050_p48_88,2050_p48
1266,2050_p48_89,2050_p48
1267,2050_p48_90,2050_p48
1268,2050_p48_91,2050_p48
1269,2050_p48_92,2050_p48
1270,2050_p48_93,2050_p48
1271,2050_p48_94,2050_p48
1272,2050_p48_95,2050_p48
1273,2050_p48_96,2050_p48
1274,2050_p48_97,2050_p48
1275,2050_p48_98,2050_p48
1276,2050_p48_99,2050_p48
1277,2050_p48_100,2050_p48
1278,2050_p48_101,2050_p48
1279,2050_p48_102,2050_p48
1280,2050_p48_103,2050_p48
1281,2050_p48_104,2050_p48
1282,2050_p48_105,2050_p48
1283,2050_p48_106,2050_p48
1284,2050_p48_107,2050_p48
1285,2050_p48_108,2050_p48
1286,2050_p48_109,2050_p48
1287,2050_p48_110,2050_p48
1288,2050_p48_111,2050_p48
1289,2050_p48_112,2050_p48
1290,2050_p48_113,2050_p48
1291,2050_p48_114,2050_p48
1292,2050_p48_115,2050_p48
1293,2050_p48_116,2050_p48
1294,2050_p48_117,2050_p48
1295,2050_p48_118,2050_p48
1296,2050_p48_119,2050_p48
1297,2050_p48_120,2050_p48
1298,2050_p48_121,2050_p48
1299,2050_p48_122,2050_p48
1300,2050_p48_123,2050_p48
1301,2050_p48_124,2050_p48
1302,2050_p48_125,2050_p48
1303,2050_p48_126,2050_p48
1304,2050_p48_127,2050_p48
1305,2050_p48_128,2050_p48
1306,2050_p48_129,2050_p48
1307,2050_p48_130,2050_p48
1308,2050_p48_131,2050_p48
1309,2050_p48_132,2050_p48
1310,2050_p48_133,2050_p48
1311,2050_p48_134,2050_p48
1312,2050_p48_135,2050_p48
1313,2050_p48_136,2050_p48
1314,2050_p48_137,2050_p48
1315,2050_p48_138,2050_p48
1316,2050_p48_139,2050_p48
1317,2050_p48_140,2050_p48
1318,2050_p48_141,2050_p48
1319,2050_p48_142,2050_p48
1320,2050_p48_143,2050_p48
1321,2050_p48_144,2050_p48
1322,2050_p48_145,2050_p48
1323,2050_p48_146,2050_p48
1324,2050_p48_147,2050_p48
1325,2050_p48_148,2050_p48
1326,2050_p48_149,2050_p48
1327,2050_p48_150,2050_p48
1328,2050_p48_151,2050_p48
1329,2050_p48_152,2050_p48
1330,2050_p48_153,2050_p48
1331,2050_p48_154,2050_p48
1332,2050_p48_155,2050_p48
1333,2050_p48_156,2050_p48
1334,2050_p48_157,2050_p48
1335,2050_p48_158,2050_p48
1336,2050_p48_159,2050_p48
1337,2050_p48_160,2050_p48
1338,2050_p48_161,2050_p48
1339,2050_p48_162,2050_p48
1340,2050_p48_163,2050_p48
1341,2050_p48_164,2050_p48
1342,2050_p48_165,2050_p48
1343,2050_p48_166,2050_p48
1344,2050_p48_167,2050_p48
1345,2050_p30_0,2050_p30
1346,2050_p30_1,2050_p30
1347,2050_p30_2,2050_p30
1348,2050_p30_3,2050_p30
1349,2050_p30_4,2050_p30
1350,2050_p30_5,2050_p30
1351,2050_p30_6,2050_p30
1352,2050_p30_7,2050_p30
1353,2050_p30_8,2050_p30
1354,2050_p30_9,2050_p30
1355,2050_p30_10,2050_p30
1356,2050_p30_11,2050_p30
1357,2050_p30_12,2050_p30
1358,2050_p30_13,2050_p30
1359,2050_p30_14,2050_p30
1360,2050_p30_15,2050_p30
1361,2050_p30_16,2050_p30
1362,2050_p30_17,2050_p30
1363,2050_p30_18,2050_p30
1364,2050_p30_19,2050_p30
1365,2050_p30_20,2050_p30
1366,2050_p30_21,2050_p30
1367,2050_p30_22,2050_p30
1368,2050_p30_23,2050_p30
1369,2050_p30_24,2050_p30
1370,2050_p30_25,2050_p30
1371,2050_p30_26,2050_p30
1372,2050_p30_27,2050_p30
1373,2050_p30_28,2050_p30
1374,2050_p30_29,2050_p30
1375,2050_p30_30,2050_p30
1376,2050_p30_31,2050_p30
1377,2050_p30_32,2050_p30
1378,2050_p30_33,2050_p30
1379,2050_p30_34,2050_p30
1380,2050_p30_35,2050_p30
1381,2050_p30_36,2050_p30
1382,2050_p30_37,2050_p30
1383,2050_p30_38,2050_p30
1384,2050_p30_39,2050_p30
1385,2050_p30_40,2050_p30
1386,2050_p30_41,2050_p30
1387,2050_p30_42,2050_p30
1388,2050_p30_43,2050_p30
1389,2050_p30_44,2050_p30
1390,2050_p30_45,2050_p30
1391,2050_p30_46,2050_p30
1392,2050_p30_47,2050_p30
1393,2050_p30_48,2050_p30
1394,2050_p30_49,2050_p30
1395,2050_p30_50,2050_p30
1396,2050_p30_51,2050_p30
1397,2050_p30_52,2050_p30
1398,2050_p30_53,2050_p30
1399,2050_p30_54,2050_p30
1400,2050_p30_55,2050_p30
1401,2050_p30_56,2050_p30
1402,2050_p30_57,2050_p30
1403,2050_p30_58,2050_p30
1404,2050_p30_59,2050_p30
1405,2050_p30_60,2050_p30
1406,2050_p30_61,2050_p30
1407,2050_p30_62,2050_p30
1408,2050_p30_63,2050_p30
1409,2050_p30_64,2050_p30
1410,2050_p30_65,2050_p30
1411,2050_p30_66,2050_p30
1412,2050_p30_67,2050_p30
1413,2050_p30_68,2050_p30
1414,2050_p30_69,2050_p30
1415,2050_p30_70,2050_p30
1416,2050_p30_71,2050_p30
1417,2050_p30_72,2050_p30
1418,2050_p30_73,2050_p30
1419,2050_p30_74,2050_p30
1420,2050_p30_75,2050_p30
1421,2050_p30_76,2050_p30
1422,2050_p30_77,2050_p30
1423,2050_p30_78,2050_p30
1424,2050_p30_79,2050_p30
1425,2050_p30_80,2050_p30
1426,2050_p30_81,2050_p30
1427,2050_p30_82,2050_p30
1428,2050_p30_83,2050_p30
1429,2050_p30_84,2050_p30
1430,2050_p30_85,2050_p30
1431,2050_p30_86,2050_p30
1432,2050_p30_87,2050_p30
1433,2050_p30_88,2050_p30
1434,2050_p30_89,2050_p30
1435,2050_p30_90,2050_p30
1436,2050_p30_91,2050_p30
1437,2050_p30_92,2050_p30
1438,2050_p30_93,2050_p30
1439,2050_p30_94,2050_p30
1440,2050_p30_95,2050_p30
1441,2050_p30_96,2050_p30
1442,2050_p30_97,2050_p30
1443,2050_p30_98,2050_p30
1444,2050_p30_99,2050_p30
1445,2050_p30_100,2050_p30
1446,2050_p30_101,2050_p30
1447,2050_p30_102,2050_p30
1448,2050_p30_103,2050_p30
1449,2050_p30_104,2050_p30
1450,2050_p30_105,2050_p30
1451,2050_p30_106,2050_p30
1452,2050_p30_107,2050_p30
1453,2050_p30_108,2050_p30
1454,2050_p30_109,2050_p30
1455,2050_p30_110,2050_p30
1456,2050_p30_111,2050_p30
1457,2050_p30_112,2050_p30
1458,2050_p30_113,2050_p30
1459,2050_p30_114,2050_p30
1460,2050_p30_115,2050_p30
1461,2050_p30_116,2050_p30
1462,2050_p30_117,2050_p30
1463,2050_p30_118,2050_p30
1464,2050_p30_119,2050_p30
1465,2050_p30_120,2050_p30
1466,2050_p30_121,2050_p30
1467,2050_p30_122,2050_p30
1468,2050_p30_123,2050_p30
1469,2050_p30_124,2050_p30
1470,2050_p30_125,2050_p30
1471,2050_p30_126,2050_p30
1472,2050_p30_127,2050_p30
1473,2050_p30_128,2050_p30
1474,2050_p30_129,2050_p30
1475,2050_p30_130,2050_p30
1476,2050_p30_131,2050_p30
1477,2050_p30_132,2050_p30
1478,2050_p30_133,2050_p30
1479,2050_p30_134,2050_p30
1480,2050_p30_135,2050_p30
1481,2050_p30_136,2050_p30
1482,2050_p30_137,2050_p30
1483,2050_p30_138,2050_p30
1484,2050_p30_139,2050_p30
1485,2050_p30_140,2050_p30
1486,2050_p30_141,2050_p30
1487,2050_p30_142,2050_p30
1488,2050_p30_143,2050_p30
1489,2050_p30_144,2050_p30
1490,2050_p30_145,2050_p30
1491,2050_p30_146,2050_p30
1492,2050_p30_147,2050_p30
1493,2050_p30_148,2050_p30
1494,2050_p30_149,2050_p30
1495,2050_p30_150,2050_p30
1496,2050_p30_151,2050_p30
1497,2050_p30_152,2050_p30
1498,2050_p30_153,2050_p30
1499,2050_p30_154,2050_p30
1500,2050_p30_155,2050_p30
1501,2050_p30_156,2050_p30
1502,2050_p30_157,2050_p30
1503,2050_p30_158,2050_p30
1504,2050_p30_159,2050_p30
1505,2050_p30_160,2050_p30
1506,2050_p30_161,2050_p30
1507,2050_p30_162,2050_p30
1508,2050_p30_163,2050_p30
1509,2050_p30_164,2050_p30
1510,2050_p30_165,2050_p30
1511,2050_p30_166,2050_p30
1512,2050_p30_167,2050_p30
1513,2050_p27_0,2050_p27
1514,2050_p27_1,2050_p27
1515,2050_p27_2,2050_p27
1516,2050_p27_3,2050_p27
1517,2050_p27_4,2050_p27
1518,2050_p27_5,2050_p27
1519,2050_p27_6,2050_p27
1520,2050_p27_7,2050_p27
1521,2050_p27_8,2050_p27
1522,2050_p27_9,2050_p27
1523,2050_p27_10,2050_p27
1524,2050_p27_11,2050_p27
1525,2050_p27_12,2050_p27
1526,2050_p27_13,2050_p27
1527,2050_p27_14,2050_p27
1528,2050_p27_15,2050_p27
1529,2050_p27_16,2050_p27
1530,2050_p27_17,2050_p27
1531,2050_p27_18,2050_p27
1532,2050_p27_19,2050_p27
1533,2050_p27_20,2050_p27
1534,2050_p27_21,2050_p27
1535,2050_p27_22,2050_p27
1536,2050_p27_23,2050_p27
1537,2050_p27_24,2050_p27
1538,2050_p27_25,2050_p27
1539,2050_p27_26,2050_p27
1540,2050_p27_27,2050_p27
1541,2050_p27_28,2050_p27
1542,2050_p27_29,2050_p27
1543,2050_p27_30,2050_p27
1544,2050_p27_31,2050_p27
1545,2050_p27_32,2050_p27
1546,2050_p27_33,2050_p27
1547,2050_p27_34,2050_p27
1548,2050_p27_35,2050_p27
1549,2050_p27_36,2050_p27
1550,2050_p27_37,2050_p27
1551,2050_p27_38,2050_p27
1552,2050_p27_39,2050_p27
1553,2050_p27_40,2050_p27
1554,2050_p27_41,2050_p27
1555,2050_p27_42,2050_p27
1556,2050_p27_43,2050_p27
1557,2050_p27_44,2050_p27
1558,2050_p27_45,2050_p27
1559,2050_p27_46,2050_p27
1560,2050_p27_47,2050_p27
1561,2050_p27_48,2050_p27
1562,2050_p27_49,2050_p27
1563,2050_p27_50,2050_p27
1564,2050_p27_51,2050_p27
1565,2050_p27_52,2050_p27
1566,2050_p27_53,2050_p27
1567,2050_p27_54,2050_p27
1568,2050_p27_55,2050_p27
1569,2050_p27_56,2050_p27
1570,2050_p27_57,2050_p27
1571,2050_p27_58,2050_p27
1572,2050_p27_59,2050_p27
1573,2050_p27_60,2050_p27
1574,2050_p27_61,2050_p27
1575,2050_p27_62,2050_p27
1576,2050_p27_63,2050_p27
1577,2050_p27_64,2050_p27
1578,2050_p27_65,2050_p27
1579,2050_p27_66,2050_p27
1580,2050_p27_67,2050_p27
1581,2050_p27_68,2050_p27
1582,2050_p27_69,2050_p27
1583,2050_p27_70,2050_p27
1584,2050_p27_71,2050_p27
1585,2050_p27_72,2050_p27
1586,2050_p27_73,2050_p27
1587,2050_p27_74,2050_p27
1588,2050_p27_75,2050_p27
1589,2050_p27_76,2050_p27
1590,2050_p27_77,2050_p27
1591,2050_p27_78,2050_p27
1592,2050_p27_79,2050_p27
1593,2050_p27_80,2050_p27
1594,2050_p27_81,2050_p27
1595,2050_p27_82,2050_p27
1596,2050_p27_83,2050_p27
1597,2050_p27_84,2050_p27
1598,2050_p27_85,2050_p27
1599,2050_p27_86,2050_p27
1600,2050_p27_87,2050_p27
1601,2050_p27_88,2050_p27
1602,2050_p27_89,2050_p27
1603,2050_p27_90,2050_p27
1604,2050_p27_91,2050_p27
1605,2050_p27_92,2050_p27
1606,2050_p27_93,2050_p27
1607,2050_p27_94,2050_p27
1608,2050_p27_95,2050_p27
1609,2050_p27_96,2050_p27
1610,2050_p27_97,2050_p27
1611,2050_p27_98,2050_p27
1612,2050_p27_99,2050_p27
1613,2050_p27_100,2050_p27
1614,2050_p27_101,2050_p27
1615,2050_p27_102,2050_p27
1616,2050_p27_103,2050_p27
1617,2050_p27_104,2050_p27
1618,2050_p27_105,2050_p27
1619,2050_p27_106,2050_p27
1620,2050_p27_107,2050_p27
1621,2050_p27_108,2050_p27
1622,2050_p27_109,2050_p27
1623,2050_p27_110,2050_p27
1624,2050_p27_111,2050_p27
1625,2050_p27_112,2050_p27
1626,2050_p27_113,2050_p27
1627,2050_p27_114,2050_p27
1628,2050_p27_115,2050_p27
1629,2050_p27_116,2050_p27
1630,2050_p27_117,2050_p27
1631,2050_p27_118,2050_p27
1632,2050_p27_119,2050_p27
1633,2050_p27_120,2050_p27
1634,2050_p27_121,2050_p27
1635,2050_p27_122,2050_p27
1636,2050_p27_123,2050_p27
1637,2050_p27_124,2050_p27
1638,2050_p27_125,2050_p27
1639,2050_p27_126,2050_p27
1640,2050_p27_127,2050_p27
1641,2050_p27_128,2050_p27
1642,2050_p27_129,2050_p27
1643,2050_p27_130,2050_p27
1644,2050_p27_131,2050_p27
1645,2050_p27_132,2050_p27
1646,2050_p27_133,2050_p27
1647,2050_p27_134,2050_p27
1648,2050_p27_135,2050_p27
1649,2050_p27_136,2050_p27
1650,2050_p27_137,2050_p27
1651,2050_p27_138,2050_p27
1652,2050_p27_139,2050_p27
1653,2050_p27_140,2050_p27
1654,2050_p27_141,2050_p27
1655,2050_p27_142,2050_p27
1656,2050_p27_143,2050_p27
1657,2050_p27_144,2050_p27
1658,2050_p27_145,2050_p27
1659,2050_p27_146,2050_p27
1660,2050_p27_147,2050_p27
1661,2050_p27_148,2050_p27
1662,2050_p27_149,2050_p27
1663,2050_p27_150,2050_p27
1664,2050_p27_151,2050_p27
1665,2050_p27_152,2050_p27
1666,2050_p27_153,2050_p27
1667,2050_p27_154,2050_p27
1668,2050_p27_155,2050_p27
1669,2050_p27_156,2050_p27
1670,2050_p27_157,2050_p27
1671,2050_p27_158,2050_p27
1672,2050_p27_159,2050_p27
1673,2050_p27_160,2050_p27
1674,2050_p27_161,2050_p27
1675,2050_p27_162,2050_p27
1676,2050_p27_163,2050_p27
1677,2050_p27_164,2050_p27
1678,2050_p27_165,2050_p27
1679,2050_p27_166,2050_p27
1680,2050_p27_167,2050_p27
